datetime,y_pred
2026-08-29T22:00:00+00:00,118.21068646396766
2026-08-29T23:00:00+00:00,111.90873024756044
2026-08-30T00:00:00+00:00,104.31991815234062
2026-08-30T01:00:00+00:00,102.45808624883371
2026-08-30T02:00:00+00:00,101.96586820362987
2026-08-30T03:00:00+00:00,103.57008162007651
2026-08-30T04:00:00+00:00,103.04935682279174
2026-08-30T05:00:00+00:00,102.23188855031908
2026-08-30T06:00:00+00:00,59.081401851746904
2026-08-30T07:00:00+00:00,36.01663767780476
2026-08-30T08:00:00+00:00,15.060638594250747
2026-08-30T09:00:00+00:00,4.309996390697606
2026-08-30T10:00:00+00:00,3.8889693169566755
2026-08-30T11:00:00+00:00,1.869075711817942
2026-08-30T12:00:00+00:00,3.4922629610159532
2026-08-30T13:00:00+00:00,14.759084661050053
2026-08-30T14:00:00+00:00,37.198931571727854
2026-08-30T15:00:00+00:00,81.55977904740413
2026-08-30T16:00:00+00:00,137.23396568747134
2026-08-30T17:00:00+00:00,164.52669736141706
2026-08-30T18:00:00+00:00,163.25631045799815
2026-08-30T19:00:00+00:00,158.51248344806828
2026-08-30T20:00:00+00:00,152.38155259564698
2026-08-30T21:00:00+00:00,136.252326105691
2026-08-30T22:00:00+00:00,130.11309355010735
2026-08-30T23:00:00+00:00,116.52619578738674
2026-08-31T00:00:00+00:00,117.87680165508634
2026-08-31T01:00:00+00:00,116.92014724114334
2026-08-31T02:00:00+00:00,118.21820825304094
2026-08-31T03:00:00+00:00,125.81286413272778
2026-08-31T04:00:00+00:00,145.1218466240813
2026-08-31T05:00:00+00:00,144.11866298827528
2026-08-31T06:00:00+00:00,121.80580744315782
2026-08-31T07:00:00+00:00,100.87426228280275
2026-08-31T08:00:00+00:00,67.30823513511265
2026-08-31T09:00:00+00:00,41.844505244999645
2026-08-31T10:00:00+00:00,38.66652319140983
2026-08-31T11:00:00+00:00,35.09677053333869
2026-08-31T12:00:00+00:00,39.25483438438467
2026-08-31T13:00:00+00:00,45.019159725714665
2026-08-31T14:00:00+00:00,65.03418636729285
2026-08-31T15:00:00+00:00,112.85313379609065
2026-08-31T16:00:00+00:00,167.57959908637366
2026-08-31T17:00:00+00:00,195.4396400902691
2026-08-31T18:00:00+00:00,179.602643624655
2026-08-31T19:00:00+00:00,170.41062626510234
2026-08-31T20:00:00+00:00,165.23466067480484
2026-08-31T21:00:00+00:00,146.7883816024716
2026-08-31T22:00:00+00:00,163.0588592024917
2026-08-31T23:00:00+00:00,159.30855448960335
2026-09-01T00:00:00+00:00,151.57889459718243
2026-09-01T01:00:00+00:00,147.35224872683784
2026-09-01T02:00:00+00:00,146.99278135497812
2026-09-01T03:00:00+00:00,151.57350660783095
2026-09-01T04:00:00+00:00,170.50915152493454
2026-09-01T05:00:00+00:00,181.13054731018036
2026-09-01T06:00:00+00:00,165.30730786429154
2026-09-01T07:00:00+00:00,132.87119510939772
2026-09-01T08:00:00+00:00,70.23628928271317
2026-09-01T09:00:00+00:00,38.56184220285892
2026-09-01T10:00:00+00:00,31.245365861176836
2026-09-01T11:00:00+00:00,26.214277943432364
2026-09-01T12:00:00+00:00,27.81105400709194
2026-09-01T13:00:00+00:00,36.37954499284334
2026-09-01T14:00:00+00:00,67.96099767373661
2026-09-01T15:00:00+00:00,123.18348808377277
2026-09-01T16:00:00+00:00,180.52913377434606
2026-09-01T17:00:00+00:00,198.63930607884535
2026-09-01T18:00:00+00:00,198.34063866092023
2026-09-01T19:00:00+00:00,186.10233646512998
2026-09-01T20:00:00+00:00,170.88807981322458
2026-09-01T21:00:00+00:00,157.86788048943217
2026-09-01T22:00:00+00:00,172.1163803319963
2026-09-01T23:00:00+00:00,155.45790177093505
2026-09-02T00:00:00+00:00,145.29138454596819
2026-09-02T01:00:00+00:00,147.31039906185154
2026-09-02T02:00:00+00:00,148.38571632202894
2026-09-02T03:00:00+00:00,158.61267127592492
2026-09-02T04:00:00+00:00,188.1659878935808
2026-09-02T05:00:00+00:00,188.54863298936635
2026-09-02T06:00:00+00:00,175.2659248016454
2026-09-02T07:00:00+00:00,154.8602054284842
2026-09-02T08:00:00+00:00,108.07667087097532
2026-09-02T09:00:00+00:00,79.84175388492254
2026-09-02T10:00:00+00:00,52.812501870920805
2026-09-02T11:00:00+00:00,46.32846818809738
2026-09-02T12:00:00+00:00,45.980711290347415
2026-09-02T13:00:00+00:00,59.17941065137224
2026-09-02T14:00:00+00:00,94.19317582726845
2026-09-02T15:00:00+00:00,153.90695449020865
2026-09-02T16:00:00+00:00,195.44259398790217
2026-09-02T17:00:00+00:00,209.34440351905505
2026-09-02T18:00:00+00:00,204.18740172526873
2026-09-02T19:00:00+00:00,183.4001804647769
2026-09-02T20:00:00+00:00,176.7921423558071
2026-09-02T21:00:00+00:00,170.12971747433596
2026-09-02T22:00:00+00:00,157.04611649946258
2026-09-02T23:00:00+00:00,149.0707228773234
2026-09-03T00:00:00+00:00,137.00257003407603
2026-09-03T01:00:00+00:00,135.2602943388303
2026-09-03T02:00:00+00:00,136.53008805116713
2026-09-03T03:00:00+00:00,150.85931447918813
2026-09-03T04:00:00+00:00,175.96131180544864
2026-09-03T05:00:00+00:00,179.8982513315704
2026-09-03T06:00:00+00:00,162.30351329960789
2026-09-03T07:00:00+00:00,120.98114310682982
2026-09-03T08:00:00+00:00,95.09270456114781
2026-09-03T09:00:00+00:00,71.9994978828935
2026-09-03T10:00:00+00:00,58.78254175113154
2026-09-03T11:00:00+00:00,55.01923621930032
2026-09-03T12:00:00+00:00,57.27819843736498
2026-09-03T13:00:00+00:00,74.14489458769914
2026-09-03T14:00:00+00:00,96.7363283564865
2026-09-03T15:00:00+00:00,140.4700303021803
2026-09-03T16:00:00+00:00,175.40917013946844
2026-09-03T17:00:00+00:00,192.21832174194805
2026-09-03T18:00:00+00:00,190.54426190179697
2026-09-03T19:00:00+00:00,184.27519490761728
2026-09-03T20:00:00+00:00,179.820170655534
2026-09-03T21:00:00+00:00,161.4375558131348
2026-09-03T22:00:00+00:00,161.29787992653513
2026-09-03T23:00:00+00:00,154.04321480226403
2026-09-04T00:00:00+00:00,140.64556942801582
2026-09-04T01:00:00+00:00,137.80719532771434
2026-09-04T02:00:00+00:00,137.98466798094594
2026-09-04T03:00:00+00:00,144.86015050920076
2026-09-04T04:00:00+00:00,173.61411852751374
2026-09-04T05:00:00+00:00,177.21941842356233
2026-09-04T06:00:00+00:00,167.0250607950309
2026-09-04T07:00:00+00:00,135.33357232271115
2026-09-04T08:00:00+00:00,93.68794890511913
2026-09-04T09:00:00+00:00,53.79649062365897
2026-09-04T10:00:00+00:00,30.85530275699456
2026-09-04T11:00:00+00:00,33.17836286720357
2026-09-04T12:00:00+00:00,36.104064794754564
2026-09-04T13:00:00+00:00,45.31156826480376
2026-09-04T14:00:00+00:00,66.18168726630094
2026-09-04T15:00:00+00:00,126.85051896839549
2026-09-04T16:00:00+00:00,166.05389389382754
2026-09-04T17:00:00+00:00,199.15975394245325
2026-09-04T18:00:00+00:00,193.45788560779047
2026-09-04T19:00:00+00:00,183.80847413192174
2026-09-04T20:00:00+00:00,170.46614004468358
2026-09-04T21:00:00+00:00,156.61550741380273
2026-09-04T22:00:00+00:00,118.22308632150494
2026-09-04T23:00:00+00:00,107.8456833027026
2026-09-05T00:00:00+00:00,105.84312626925006
2026-09-05T01:00:00+00:00,100.82852095574363
2026-09-05T02:00:00+00:00,100.75408143400809
2026-09-05T03:00:00+00:00,103.94138342121737
2026-09-05T04:00:00+00:00,111.70331594558097
2026-09-05T05:00:00+00:00,118.52599703376426
2026-09-05T06:00:00+00:00,92.7421169669257
2026-09-05T07:00:00+00:00,51.01163578834031
2026-09-05T08:00:00+00:00,7.789944185634241
2026-09-05T09:00:00+00:00,-7.689747646502283
2026-09-05T10:00:00+00:00,-18.16975386589887
2026-09-05T11:00:00+00:00,-18.413363421346844
2026-09-05T12:00:00+00:00,-19.678248441093956
2026-09-05T13:00:00+00:00,-13.209553056632487
2026-09-05T14:00:00+00:00,6.625853471030808
2026-09-05T15:00:00+00:00,57.67028566398825
2026-09-05T16:00:00+00:00,118.8956046968091
2026-09-05T17:00:00+00:00,135.20355739631884
2026-09-05T18:00:00+00:00,131.2061753450426
2026-09-05T19:00:00+00:00,121.27378797349002
2026-09-05T20:00:00+00:00,120.1015099970376
2026-09-05T21:00:00+00:00,107.24113987324868
2026-09-05T22:00:00+00:00,65.97935090910772
2026-09-05T23:00:00+00:00,59.47820958542434
2026-09-06T00:00:00+00:00,51.51009496191936
2026-09-06T01:00:00+00:00,48.848172229814146
2026-09-06T02:00:00+00:00,45.194693413469516
2026-09-06T03:00:00+00:00,51.18802704452183
2026-09-06T04:00:00+00:00,54.59910134890709
2026-09-06T05:00:00+00:00,57.8597941746591
2026-09-06T06:00:00+00:00,42.28155777604956
2026-09-06T07:00:00+00:00,17.46677323893968
2026-09-06T08:00:00+00:00,-15.616044638502842
2026-09-06T09:00:00+00:00,-23.96524526481221
2026-09-06T10:00:00+00:00,-20.19084992798176
2026-09-06T11:00:00+00:00,-34.63147093647902
2026-09-06T12:00:00+00:00,-34.334286799994885
2026-09-06T13:00:00+00:00,-26.171964314127194
2026-09-06T14:00:00+00:00,-3.935224493617085
2026-09-06T15:00:00+00:00,17.58636605724311
2026-09-06T16:00:00+00:00,109.78752061222474
2026-09-06T17:00:00+00:00,123.74236169190229
2026-09-06T18:00:00+00:00,122.42976027662496
2026-09-06T19:00:00+00:00,120.80808555310577
2026-09-06T20:00:00+00:00,105.67949917665395
2026-09-06T21:00:00+00:00,90.48881074379358
2026-09-06T22:00:00+00:00,138.91685828759628
2026-09-06T23:00:00+00:00,132.75880821084928
2026-09-07T00:00:00+00:00,135.78249891577877
2026-09-07T01:00:00+00:00,130.3940203122523
2026-09-07T02:00:00+00:00,137.89359612625015
2026-09-07T03:00:00+00:00,143.17680262917696
2026-09-07T04:00:00+00:00,162.20089415656844
2026-09-07T05:00:00+00:00,172.4304361481427
2026-09-07T06:00:00+00:00,153.2090500465138
2026-09-07T07:00:00+00:00,102.34613943647128
2026-09-07T08:00:00+00:00,55.808775502337305
2026-09-07T09:00:00+00:00,49.02530169553481
2026-09-07T10:00:00+00:00,41.93100158658363
2026-09-07T11:00:00+00:00,35.52246510929578
2026-09-07T12:00:00+00:00,40.48649054958239
2026-09-07T13:00:00+00:00,56.29973070856457
2026-09-07T14:00:00+00:00,76.0033357475395
2026-09-07T15:00:00+00:00,122.43349249366747
2026-09-07T16:00:00+00:00,201.32149066279516
2026-09-07T17:00:00+00:00,208.36663700021052
2026-09-07T18:00:00+00:00,198.52043798329177
2026-09-07T19:00:00+00:00,185.6727088900863
2026-09-07T20:00:00+00:00,180.17766137166603
2026-09-07T21:00:00+00:00,161.7994884285859
2026-09-07T22:00:00+00:00,159.57256880280136
2026-09-07T23:00:00+00:00,153.03490233074916
2026-09-08T00:00:00+00:00,148.5935721117214
2026-09-08T01:00:00+00:00,147.5919148155748
2026-09-08T02:00:00+00:00,149.22784697805272
2026-09-08T03:00:00+00:00,160.0620378681994
2026-09-08T04:00:00+00:00,188.75015650890188
2026-09-08T05:00:00+00:00,188.71956129663644
2026-09-08T06:00:00+00:00,186.54274269118196
2026-09-08T07:00:00+00:00,149.58320760319583
2026-09-08T08:00:00+00:00,124.14929375768504
2026-09-08T09:00:00+00:00,102.84399192572104
2026-09-08T10:00:00+00:00,70.20132906372672
2026-09-08T11:00:00+00:00,56.104055144586425
2026-09-08T12:00:00+00:00,53.66933166179488
2026-09-08T13:00:00+00:00,59.52582210074937
2026-09-08T14:00:00+00:00,102.46807952011012
2026-09-08T15:00:00+00:00,148.42509096528738
2026-09-08T16:00:00+00:00,202.669434331859
2026-09-08T17:00:00+00:00,219.61202464898534
2026-09-08T18:00:00+00:00,204.721875096933
2026-09-08T19:00:00+00:00,196.06282258515841
2026-09-08T20:00:00+00:00,179.53532999033166
2026-09-08T21:00:00+00:00,161.62536678347755
2026-09-08T22:00:00+00:00,175.05679638024085
2026-09-08T23:00:00+00:00,161.80109861484488
2026-09-09T00:00:00+00:00,149.41998517246745
2026-09-09T01:00:00+00:00,143.71956690135963
2026-09-09T02:00:00+00:00,145.39883477709301
2026-09-09T03:00:00+00:00,165.25225166426196
2026-09-09T04:00:00+00:00,198.80003894701247
2026-09-09T05:00:00+00:00,200.37558002354632
2026-09-09T06:00:00+00:00,187.40680486797888
2026-09-09T07:00:00+00:00,155.83337460575598
2026-09-09T08:00:00+00:00,102.72932404557281
2026-09-09T09:00:00+00:00,51.17817156638604
2026-09-09T10:00:00+00:00,34.43095504775917
2026-09-09T11:00:00+00:00,27.693526701309338
2026-09-09T12:00:00+00:00,26.523301598546368
2026-09-09T13:00:00+00:00,46.80189758678089
2026-09-09T14:00:00+00:00,83.89087927707277
2026-09-09T15:00:00+00:00,155.9720074095129
2026-09-09T16:00:00+00:00,194.86719028673537
2026-09-09T17:00:00+00:00,207.88075302270005
2026-09-09T18:00:00+00:00,197.23614462997477
2026-09-09T19:00:00+00:00,201.9711633229855
2026-09-09T20:00:00+00:00,185.98548266880687
2026-09-09T21:00:00+00:00,176.72092042150882
2026-09-09T22:00:00+00:00,150.40469754319446
2026-09-09T23:00:00+00:00,145.3884586018574
2026-09-10T00:00:00+00:00,143.29437362310512
2026-09-10T01:00:00+00:00,137.47992374731854
2026-09-10T02:00:00+00:00,140.01555919397154
2026-09-10T03:00:00+00:00,143.6409124353005
2026-09-10T04:00:00+00:00,172.52290007105432
2026-09-10T05:00:00+00:00,180.83563204728074
2026-09-10T06:00:00+00:00,169.43244445306948
2026-09-10T07:00:00+00:00,138.3693390663538
2026-09-10T08:00:00+00:00,95.76877061891192
2026-09-10T09:00:00+00:00,67.31727187939396
2026-09-10T10:00:00+00:00,57.849434428598705
2026-09-10T11:00:00+00:00,49.643931769968276
2026-09-10T12:00:00+00:00,44.40219677835465
2026-09-10T13:00:00+00:00,56.8269263429039
2026-09-10T14:00:00+00:00,78.58489587408776
2026-09-10T15:00:00+00:00,122.97489755152976
2026-09-10T16:00:00+00:00,178.24033767227962
2026-09-10T17:00:00+00:00,196.83381872543612
2026-09-10T18:00:00+00:00,199.15705510020837
2026-09-10T19:00:00+00:00,192.0321697958846
2026-09-10T20:00:00+00:00,176.13163975572235
2026-09-10T21:00:00+00:00,163.23716063363645
2026-09-10T22:00:00+00:00,148.6782368043647
2026-09-10T23:00:00+00:00,144.00410085069765
2026-09-11T00:00:00+00:00,138.2676232519556
2026-09-11T01:00:00+00:00,141.68652098329633
2026-09-11T02:00:00+00:00,142.56575320687807
2026-09-11T03:00:00+00:00,153.05347782859764
2026-09-11T04:00:00+00:00,194.7346048390891
2026-09-11T05:00:00+00:00,208.99805981547001
2026-09-11T06:00:00+00:00,195.52668670998463
2026-09-11T07:00:00+00:00,150.2572461298342
2026-09-11T08:00:00+00:00,109.62028604686971
2026-09-11T09:00:00+00:00,79.67642705751807
2026-09-11T10:00:00+00:00,66.10907441841739
2026-09-11T11:00:00+00:00,63.49958482099178
2026-09-11T12:00:00+00:00,76.22809121240655
2026-09-11T13:00:00+00:00,95.10301377385187
2026-09-11T14:00:00+00:00,115.62537636497447
2026-09-11T15:00:00+00:00,134.11980801447268
2026-09-11T16:00:00+00:00,171.71909515997444
2026-09-11T17:00:00+00:00,306.2475784279079
2026-09-11T18:00:00+00:00,279.6534664865368
2026-09-11T19:00:00+00:00,162.49725376098309
2026-09-11T20:00:00+00:00,156.38251412590705
2026-09-11T21:00:00+00:00,140.11274133303397
2026-09-11T22:00:00+00:00,111.84835814398355
2026-09-11T23:00:00+00:00,107.08179124497818
2026-09-12T00:00:00+00:00,106.86864444266682
2026-09-12T01:00:00+00:00,105.23068856665382
2026-09-12T02:00:00+00:00,105.37808267595746
2026-09-12T03:00:00+00:00,107.50133135405406
2026-09-12T04:00:00+00:00,101.99615713608729
2026-09-12T05:00:00+00:00,91.66184501257969
2026-09-12T06:00:00+00:00,83.50354175243884
2026-09-12T07:00:00+00:00,67.26964295426693
2026-09-12T08:00:00+00:00,53.43315081254038
2026-09-12T09:00:00+00:00,38.690211882482465
2026-09-12T10:00:00+00:00,30.466063041963253
2026-09-12T11:00:00+00:00,30.29050023419235
2026-09-12T12:00:00+00:00,41.62027468628639
2026-09-12T13:00:00+00:00,54.41519691348564
2026-09-12T14:00:00+00:00,67.04838621918685
2026-09-12T15:00:00+00:00,88.13528633452968
2026-09-12T16:00:00+00:00,101.49844473366814
2026-09-12T17:00:00+00:00,124.1216179561351
2026-09-12T18:00:00+00:00,130.61350580272557
2026-09-12T19:00:00+00:00,123.51444780473449
2026-09-12T20:00:00+00:00,123.8483822669118
2026-09-12T21:00:00+00:00,119.51634090822486
2026-09-12T22:00:00+00:00,149.23180785649924
2026-09-12T23:00:00+00:00,141.52987599963674
2026-09-13T00:00:00+00:00,148.7437533767012
2026-09-13T01:00:00+00:00,149.62201055915943
2026-09-13T02:00:00+00:00,154.11038980373917
2026-09-13T03:00:00+00:00,154.5871647651491
2026-09-13T04:00:00+00:00,148.71281170348178
2026-09-13T05:00:00+00:00,134.6193575423348
2026-09-13T06:00:00+00:00,107.94337432765016
2026-09-13T07:00:00+00:00,93.88359712172277
2026-09-13T08:00:00+00:00,45.59057056670547
2026-09-13T09:00:00+00:00,13.240380753018755
2026-09-13T10:00:00+00:00,1.7732813166885677
2026-09-13T11:00:00+00:00,-4.544893961396099
2026-09-13T12:00:00+00:00,-4.1630939571429195
2026-09-13T13:00:00+00:00,4.578355624753556
2026-09-13T14:00:00+00:00,31.35454658195269
2026-09-13T15:00:00+00:00,94.78742193393917
2026-09-13T16:00:00+00:00,157.68519980762903
2026-09-13T17:00:00+00:00,167.62877133678734
2026-09-13T18:00:00+00:00,181.80947957462837
2026-09-13T19:00:00+00:00,174.674944678611
2026-09-13T20:00:00+00:00,166.02582176469332
2026-09-13T21:00:00+00:00,169.9149589065379
2026-09-13T22:00:00+00:00,166.51079065620735
2026-09-13T23:00:00+00:00,160.43298242823022
2026-09-14T00:00:00+00:00,157.17719972724595
2026-09-14T01:00:00+00:00,154.66481375279008
2026-09-14T02:00:00+00:00,159.03614482690128
2026-09-14T03:00:00+00:00,175.6879906851556
2026-09-14T04:00:00+00:00,195.33866747100402
2026-09-14T05:00:00+00:00,210.770315772517
2026-09-14T06:00:00+00:00,194.02487140106842
2026-09-14T07:00:00+00:00,166.86859189426815
2026-09-14T08:00:00+00:00,116.85436624221883
2026-09-14T09:00:00+00:00,83.78441165797587
2026-09-14T10:00:00+00:00,79.73157991046821
2026-09-14T11:00:00+00:00,76.25460531119012
2026-09-14T12:00:00+00:00,76.78504955456307
2026-09-14T13:00:00+00:00,93.3283791106062
2026-09-14T14:00:00+00:00,126.24933956451007
2026-09-14T15:00:00+00:00,163.43179323061
2026-09-14T16:00:00+00:00,201.58609576964236
2026-09-14T17:00:00+00:00,207.6776830128577
2026-09-14T18:00:00+00:00,203.35719144871416
2026-09-14T19:00:00+00:00,189.66046681823008
2026-09-14T20:00:00+00:00,180.5264421593713
2026-09-14T21:00:00+00:00,168.09840971904174
2026-09-14T22:00:00+00:00,279.44263615484317
2026-09-14T23:00:00+00:00,262.7663585213626
2026-09-15T00:00:00+00:00,252.7607919447215
2026-09-15T01:00:00+00:00,249.76978301069693
2026-09-15T02:00:00+00:00,249.53177430655776
2026-09-15T03:00:00+00:00,273.9183956163685
2026-09-15T04:00:00+00:00,290.34630156408855
2026-09-15T05:00:00+00:00,357.1806137819761
2026-09-15T06:00:00+00:00,338.3833261926011
2026-09-15T07:00:00+00:00,238.48879723315372
2026-09-15T08:00:00+00:00,190.16920148551264
2026-09-15T09:00:00+00:00,146.98427163507407
2026-09-15T10:00:00+00:00,135.9616416705368
2026-09-15T11:00:00+00:00,128.2629461895663
2026-09-15T12:00:00+00:00,128.10713083018214
2026-09-15T13:00:00+00:00,135.86185069525646
2026-09-15T14:00:00+00:00,165.75623144895638
2026-09-15T15:00:00+00:00,258.13138014850574
2026-09-15T16:00:00+00:00,480.0318555008136
2026-09-15T17:00:00+00:00,480.0743671142353
2026-09-15T18:00:00+00:00,417.8208458177961
2026-09-15T19:00:00+00:00,315.2484119458127
2026-09-15T20:00:00+00:00,245.17843274114614
2026-09-15T21:00:00+00:00,237.23903497311665
2026-09-15T22:00:00+00:00,177.84277354822947
2026-09-15T23:00:00+00:00,172.64440657183212
2026-09-16T00:00:00+00:00,169.77670158439298
2026-09-16T01:00:00+00:00,159.8746949868878
2026-09-16T02:00:00+00:00,154.6529527987297
2026-09-16T03:00:00+00:00,164.57573842911705
2026-09-16T04:00:00+00:00,185.19034158706768
2026-09-16T05:00:00+00:00,195.6522578277835
2026-09-16T06:00:00+00:00,179.46169131155898
2026-09-16T07:00:00+00:00,171.6071306650278
2026-09-16T08:00:00+00:00,116.21360365406173
2026-09-16T09:00:00+00:00,62.82381469583823
2026-09-16T10:00:00+00:00,44.96556864158262
2026-09-16T11:00:00+00:00,39.498261620807604
2026-09-16T12:00:00+00:00,43.24138862881141
2026-09-16T13:00:00+00:00,80.51419184641667
2026-09-16T14:00:00+00:00,111.7935983147607
2026-09-16T15:00:00+00:00,149.69638681768157
2026-09-16T16:00:00+00:00,190.19297247268864
2026-09-16T17:00:00+00:00,232.08108286369415
2026-09-16T18:00:00+00:00,186.97775699533565
2026-09-16T19:00:00+00:00,186.43360810616085
2026-09-16T20:00:00+00:00,181.3984883765186
2026-09-16T21:00:00+00:00,170.1490727740632
2026-09-16T22:00:00+00:00,159.41381174204952
2026-09-16T23:00:00+00:00,156.4267588627309
2026-09-17T00:00:00+00:00,152.03497222196683
2026-09-17T01:00:00+00:00,152.83159170624228
2026-09-17T02:00:00+00:00,154.34686239826544
2026-09-17T03:00:00+00:00,163.7763889218072
2026-09-17T04:00:00+00:00,174.00807438827115
2026-09-17T05:00:00+00:00,160.2533580878112
2026-09-17T06:00:00+00:00,144.83085448803996
2026-09-17T07:00:00+00:00,135.3610710905653
2026-09-17T08:00:00+00:00,99.85730100461609
2026-09-17T09:00:00+00:00,72.31124853622958
2026-09-17T10:00:00+00:00,54.37506300297289
2026-09-17T11:00:00+00:00,45.05434189922568
2026-09-17T12:00:00+00:00,37.809809686545876
2026-09-17T13:00:00+00:00,58.252541442057336
2026-09-17T14:00:00+00:00,104.27544022288663
2026-09-17T15:00:00+00:00,146.09901105276603
2026-09-17T16:00:00+00:00,151.1517633837822
2026-09-17T17:00:00+00:00,168.88751962842025
2026-09-17T18:00:00+00:00,159.2504305840191
2026-09-17T19:00:00+00:00,157.35453559951213
2026-09-17T20:00:00+00:00,164.10255898550986
2026-09-17T21:00:00+00:00,167.7007229040271
2026-09-17T22:00:00+00:00,181.7415317092944
2026-09-17T23:00:00+00:00,165.02299791145128
2026-09-18T00:00:00+00:00,163.50521110363854
2026-09-18T01:00:00+00:00,161.71391830634252
2026-09-18T02:00:00+00:00,161.49281061249104
2026-09-18T03:00:00+00:00,165.84865149264044
2026-09-18T04:00:00+00:00,184.02591273096874
2026-09-18T05:00:00+00:00,189.94511396711303
2026-09-18T06:00:00+00:00,178.3035424022624
2026-09-18T07:00:00+00:00,164.19775917565119
2026-09-18T08:00:00+00:00,122.87365045961502
2026-09-18T09:00:00+00:00,72.84668478903654
2026-09-18T10:00:00+00:00,52.20540127920093
2026-09-18T11:00:00+00:00,53.87124163373714
2026-09-18T12:00:00+00:00,69.52747908713027
2026-09-18T13:00:00+00:00,88.25495320044863
2026-09-18T14:00:00+00:00,116.94087950523975
2026-09-18T15:00:00+00:00,165.4058754164379
2026-09-18T16:00:00+00:00,198.6609311555934
2026-09-18T17:00:00+00:00,198.94981150791006
2026-09-18T18:00:00+00:00,192.4749057964957
2026-09-18T19:00:00+00:00,185.8066490202538
2026-09-18T20:00:00+00:00,182.70212473374144
2026-09-18T21:00:00+00:00,176.79237128337806
2026-09-18T22:00:00+00:00,141.47574649553627
2026-09-18T23:00:00+00:00,135.11263926466384
2026-09-19T00:00:00+00:00,137.42606199698275
2026-09-19T01:00:00+00:00,134.24186039237202
2026-09-19T02:00:00+00:00,134.8263408775215
2026-09-19T03:00:00+00:00,138.116497637895
2026-09-19T04:00:00+00:00,147.64524006941133
2026-09-19T05:00:00+00:00,146.87802499830244
2026-09-19T06:00:00+00:00,141.32352072291826
2026-09-19T07:00:00+00:00,110.1739137226898
2026-09-19T08:00:00+00:00,49.67286257724861
2026-09-19T09:00:00+00:00,17.58589110370366
2026-09-19T10:00:00+00:00,3.2156827805909387
2026-09-19T11:00:00+00:00,-2.9907661527634986
2026-09-19T12:00:00+00:00,-5.433894085208067
2026-09-19T13:00:00+00:00,2.177262311092065
2026-09-19T14:00:00+00:00,23.320437976143438
2026-09-19T15:00:00+00:00,84.04142754731122
2026-09-19T16:00:00+00:00,150.2069799084079
2026-09-19T17:00:00+00:00,153.06520875997217
2026-09-19T18:00:00+00:00,152.9226027519062
2026-09-19T19:00:00+00:00,155.47494676958897
2026-09-19T20:00:00+00:00,148.18195142069297
2026-09-19T21:00:00+00:00,137.9206585862351
2026-09-19T22:00:00+00:00,93.08771344437515
2026-09-19T23:00:00+00:00,91.62961629438642
2026-09-20T00:00:00+00:00,90.48686502167668
2026-09-20T01:00:00+00:00,89.9954269093662
2026-09-20T02:00:00+00:00,84.86015114012284
2026-09-20T03:00:00+00:00,86.66240633999755
2026-09-20T04:00:00+00:00,90.96240034898737
2026-09-20T05:00:00+00:00,97.75458751685878
2026-09-20T06:00:00+00:00,93.55223867989567
2026-09-20T07:00:00+00:00,71.55445083788807
2026-09-20T08:00:00+00:00,21.525669474525074
2026-09-20T09:00:00+00:00,2.7620192845511298
2026-09-20T10:00:00+00:00,-4.594808894034202
2026-09-20T11:00:00+00:00,-7.1888187311868705
2026-09-20T12:00:00+00:00,-7.039994505120632
2026-09-20T13:00:00+00:00,15.548088311873997
2026-09-20T14:00:00+00:00,64.96463673215241
2026-09-20T15:00:00+00:00,84.62695995877918
2026-09-20T16:00:00+00:00,120.18968620906308
2026-09-20T17:00:00+00:00,138.68705523309723
2026-09-20T18:00:00+00:00,131.67624286470686
2026-09-20T19:00:00+00:00,120.67369148320765
2026-09-20T20:00:00+00:00,107.79897523731435
2026-09-20T21:00:00+00:00,96.78706002696687
2026-09-20T22:00:00+00:00,83.14859711460053
2026-09-20T23:00:00+00:00,75.5962529361153
2026-09-21T00:00:00+00:00,77.0567962120627
2026-09-21T01:00:00+00:00,70.71609530944407
2026-09-21T02:00:00+00:00,69.08276284443838
2026-09-21T03:00:00+00:00,78.90605713492985
2026-09-21T04:00:00+00:00,94.40144125727761
2026-09-21T05:00:00+00:00,105.8809181380376
2026-09-21T06:00:00+00:00,105.81523000727563
2026-09-21T07:00:00+00:00,101.52110861945192
2026-09-21T08:00:00+00:00,82.44316265574264
2026-09-21T09:00:00+00:00,75.88575196253018
2026-09-21T10:00:00+00:00,70.81278155671797
2026-09-21T11:00:00+00:00,68.83305156050783
2026-09-21T12:00:00+00:00,67.44481990698432
2026-09-21T13:00:00+00:00,67.21477746995983
2026-09-21T14:00:00+00:00,77.67741948749214
2026-09-21T15:00:00+00:00,105.637439176043
2026-09-21T16:00:00+00:00,130.1780621765164
2026-09-21T17:00:00+00:00,131.14234535294065
2026-09-21T18:00:00+00:00,119.40800165652378
2026-09-21T19:00:00+00:00,102.49952151692133
2026-09-21T20:00:00+00:00,94.68148770802476
2026-09-21T21:00:00+00:00,91.79010487742096
2026-09-21T22:00:00+00:00,139.4878470842109
2026-09-21T23:00:00+00:00,135.4077004098877
2026-09-22T00:00:00+00:00,131.98601898552585
2026-09-22T01:00:00+00:00,129.646091329662
2026-09-22T02:00:00+00:00,126.80100247989526
2026-09-22T03:00:00+00:00,138.85501100424372
2026-09-22T04:00:00+00:00,157.6994115312583
2026-09-22T05:00:00+00:00,191.4881342678537
2026-09-22T06:00:00+00:00,184.98054123817087
2026-09-22T07:00:00+00:00,140.16655175596344
2026-09-22T08:00:00+00:00,96.54548071943917
2026-09-22T09:00:00+00:00,48.24947592911407
2026-09-22T10:00:00+00:00,33.467233909153876
2026-09-22T11:00:00+00:00,31.670211473482368
2026-09-22T12:00:00+00:00,33.268258949001705
2026-09-22T13:00:00+00:00,49.79762303675737
2026-09-22T14:00:00+00:00,103.52127385659502
2026-09-22T15:00:00+00:00,146.95378852743522
2026-09-22T16:00:00+00:00,205.81270889026138
2026-09-22T17:00:00+00:00,203.35160544919123
2026-09-22T18:00:00+00:00,196.75567824280932
2026-09-22T19:00:00+00:00,192.2696870333621
2026-09-22T20:00:00+00:00,192.00104271378325
2026-09-22T21:00:00+00:00,178.51292951882436
2026-09-22T22:00:00+00:00,193.5417749336185
2026-09-22T23:00:00+00:00,190.68259280492765
2026-09-23T00:00:00+00:00,181.03331236678736
2026-09-23T01:00:00+00:00,176.6987638169407
2026-09-23T02:00:00+00:00,168.00580674279232
2026-09-23T03:00:00+00:00,182.1277405479844
2026-09-23T04:00:00+00:00,201.61770739960605
2026-09-23T05:00:00+00:00,245.12270213627627
2026-09-23T06:00:00+00:00,201.04019632757849
2026-09-23T07:00:00+00:00,199.03691794221007
2026-09-23T08:00:00+00:00,149.1153890738836
2026-09-23T09:00:00+00:00,117.58412847698118
2026-09-23T10:00:00+00:00,95.90400532546083
2026-09-23T11:00:00+00:00,89.77775746582068
2026-09-23T12:00:00+00:00,95.0211537563353
2026-09-23T13:00:00+00:00,110.87845810332774
2026-09-23T14:00:00+00:00,163.53152820429875
2026-09-23T15:00:00+00:00,201.1688401970443
2026-09-23T16:00:00+00:00,295.59979684703603
2026-09-23T17:00:00+00:00,305.0140312886034
2026-09-23T18:00:00+00:00,277.77314815237753
2026-09-23T19:00:00+00:00,233.0104536713846
2026-09-23T20:00:00+00:00,193.77266392325856
2026-09-23T21:00:00+00:00,194.20460206585875
2026-09-23T22:00:00+00:00,173.30550579662463
2026-09-23T23:00:00+00:00,166.86165129391986
2026-09-24T00:00:00+00:00,161.18177379610177
2026-09-24T01:00:00+00:00,162.20218910243747
2026-09-24T02:00:00+00:00,163.80834932010856
2026-09-24T03:00:00+00:00,173.7712432235313
2026-09-24T04:00:00+00:00,213.79857682068058
2026-09-24T05:00:00+00:00,270.24199750187086
2026-09-24T06:00:00+00:00,165.9870166759194
2026-09-24T07:00:00+00:00,151.87401482214145
2026-09-24T08:00:00+00:00,102.16040711909893
2026-09-24T09:00:00+00:00,63.415542387057734
2026-09-24T10:00:00+00:00,41.62810823959033
2026-09-24T11:00:00+00:00,38.27541374760782
2026-09-24T12:00:00+00:00,49.44855924269988
2026-09-24T13:00:00+00:00,82.12414096418465
2026-09-24T14:00:00+00:00,108.27109443883836
2026-09-24T15:00:00+00:00,154.56598473187339
2026-09-24T16:00:00+00:00,180.8237881323953
2026-09-24T17:00:00+00:00,187.51768451746992
2026-09-24T18:00:00+00:00,181.28246591649065
2026-09-24T19:00:00+00:00,180.8010500595081
2026-09-24T20:00:00+00:00,173.42066457195222
2026-09-24T21:00:00+00:00,162.02206029630196
2026-09-24T22:00:00+00:00,129.67835359740317
2026-09-24T23:00:00+00:00,117.83283471473436
2026-09-25T00:00:00+00:00,115.69141636231161
2026-09-25T01:00:00+00:00,111.79402549396474
2026-09-25T02:00:00+00:00,112.87021198669188
2026-09-25T03:00:00+00:00,130.189428525351
2026-09-25T04:00:00+00:00,159.82379522482805
2026-09-25T05:00:00+00:00,185.4736917626533
2026-09-25T06:00:00+00:00,170.93733624701366
2026-09-25T07:00:00+00:00,145.67136172134394
2026-09-25T08:00:00+00:00,86.64523377117976
2026-09-25T09:00:00+00:00,43.441527139036744
2026-09-25T10:00:00+00:00,26.763976501548868
2026-09-25T11:00:00+00:00,28.338604547133414
2026-09-25T12:00:00+00:00,27.941111895124806
2026-09-25T13:00:00+00:00,51.02624203309144
2026-09-25T14:00:00+00:00,91.99844324925198
2026-09-25T15:00:00+00:00,138.09074338452143
2026-09-25T16:00:00+00:00,198.47621738972265
2026-09-25T17:00:00+00:00,201.80379341241115
2026-09-25T18:00:00+00:00,187.78716551031346
2026-09-25T19:00:00+00:00,189.66686129861512
2026-09-25T20:00:00+00:00,180.077400364928
2026-09-25T21:00:00+00:00,159.5141699562178
2026-09-25T22:00:00+00:00,126.68306087520097
2026-09-25T23:00:00+00:00,114.50489854868624
2026-09-26T00:00:00+00:00,115.19891640211335
2026-09-26T01:00:00+00:00,113.40908295860662
2026-09-26T02:00:00+00:00,114.24008778892804
2026-09-26T03:00:00+00:00,116.62300018397977
2026-09-26T04:00:00+00:00,115.39134139576305
2026-09-26T05:00:00+00:00,106.1511807448823
2026-09-26T06:00:00+00:00,102.16980755100768
2026-09-26T07:00:00+00:00,86.32156201058027
2026-09-26T08:00:00+00:00,72.90423910787285
2026-09-26T09:00:00+00:00,53.41474472778663
2026-09-26T10:00:00+00:00,15.340581342587114
2026-09-26T11:00:00+00:00,9.922346306625698
2026-09-26T12:00:00+00:00,13.600716610697205
2026-09-26T13:00:00+00:00,35.54119130395195
2026-09-26T14:00:00+00:00,81.71594214538253
2026-09-26T15:00:00+00:00,103.08501857607074
2026-09-26T16:00:00+00:00,121.80077904496915
2026-09-26T17:00:00+00:00,164.14733943773913
2026-09-26T18:00:00+00:00,139.19592405746334
2026-09-26T19:00:00+00:00,127.07965224451142
2026-09-26T20:00:00+00:00,125.52578318844715
2026-09-26T21:00:00+00:00,127.80373884459829
