day,hours,fair_value,actual,weekly_baseline,validation_abs_daily_error_q80,reference_lower,reference_upper,model_revision_vs_weekly_baseline
2026-08-30,24,84.04644707292854,75.62958333333333,85.56541666666665,34.16455365590229,49.881893417026255,118.21100072883084,-1.518969593738106
2026-08-31,24,112.81336623665958,111.85208333333334,143.18458333333334,34.16455365590229,78.6488125807573,146.97791989256186,-30.37121709667376
2026-09-01,24,128.48513675488553,143.80125,141.42791666666668,34.16455365590229,94.32058309898324,162.64969041078783,-12.942779911781145
2026-09-02,24,142.23463712596,163.73541666666668,153.65458333333333,34.16455365590229,108.07008347005771,176.3991907818623,-11.419946207373329
2026-09-03,24,134.922559711717,133.62,125.54041666666666,34.16455365590229,100.75800605581472,169.0871133676193,9.382143045050356
2026-09-04,24,128.55660198021687,88.95375,143.55333333333334,34.16455365590229,94.39204832431457,162.72115563611916,-14.996731353116473
2026-09-05,24,72.51108915042349,42.14,86.34875,34.16455365590229,38.3465354945212,106.67564280632578,-13.837660849576508
2026-09-06,24,42.753462184118575,107.55624999999999,75.62958333333333,34.16455365590229,8.588908528216287,76.91801584002087,-32.876121149214754
2026-09-07,24,125.93658841663921,155.88166666666666,111.85208333333334,34.16455365590229,91.77203476073691,160.1011420725415,14.08450508330587
2026-09-08,24,146.38718160764253,146.58083333333335,143.80125,34.16455365590229,112.22262795174024,180.55173526354483,2.5859316076425216
2026-09-09,24,140.70608539750887,143.15333333333334,163.73541666666668,34.16455365590229,106.54153174160658,174.87063905341117,-23.029331269157808
2026-09-10,24,133.3493644878926,191.82333333333335,133.62,34.16455365590229,99.18481083199029,167.51391814379488,-0.2706355121074182
2026-09-11,24,148.93194255933392,195.22541666666666,88.95375,34.16455365590229,114.76738890343162,183.09649621523621,59.97819255933392
2026-09-12,24,88.14799553669724,137.9595833333333,42.14,34.16455365590229,53.98344188079495,122.31254919259953,46.00799553669724
2026-09-13,24,107.63916199931168,166.10375,107.55624999999999,34.16455365590229,73.47460834340939,141.80371565521398,0.08291199931169047
2026-09-14,24,154.49325758855784,256.5466666666667,155.88166666666666,34.16455365590229,120.32870393265554,188.65781124446013,-1.3884090781088219
2026-09-15,24,260.7256825217867,180.07041666666666,146.58083333333335,34.16455365590229,226.56112886588443,294.890236177689,114.14484918845338
2026-09-16,24,146.96910354662703,182.33541666666667,143.15333333333334,34.16455365590229,112.80454989072473,181.13365720252932,3.815770213293689
2026-09-17,24,130.82358466001335,142.88708333333332,191.82333333333335,34.16455365590229,96.65903100411106,164.98813831591565,-60.99974867332
2026-09-18,24,149.71293367833633,120.52666666666666,195.22541666666666,34.16455365590229,115.54838002243403,183.87748733423862,-45.51248298833033
2026-09-19,24,101.52421243471728,42.66583333333333,137.9595833333333,34.16455365590229,67.359658778815,135.68876609061957,-36.43537089861603
2026-09-20,24,74.04009663414378,21.752916666666668,166.10375,34.16455365590229,39.87554297824149,108.20465029004606,-92.06365336585621
2026-09-21,24,89.49058277658163,96.59875,256.5466666666667,34.16455365590229,55.326029120679344,123.65513643248391,-167.05608389008506
2026-09-22,24,132.8623045139951,226.17541666666668,180.07041666666666,34.16455365590229,98.6977508580928,167.0268581698974,-47.20811215267156
2026-09-23,24,185.88597798209972,180.68083333333334,182.33541666666667,34.16455365590229,151.72142432619742,220.050531638002,3.5505613154330433
2026-09-24,24,146.19955344660022,138.12041666666667,142.88708333333332,34.16455365590229,112.03499979069792,180.36410710250252,3.3124701132668974
2026-09-25,24,124.64724775372468,176.63125,120.52666666666666,34.16455365590229,90.48269409782239,158.81180140962698,4.120581087058028
2026-09-26,24,95.90712230826881,150.06875,42.66583333333333,34.16455365590229,61.74256865236652,130.0716759641711,53.24128897493548
