,count,mean,std,min,25%,50%,75%,max
price_da_eur_mwh,17520.0,97.22625627853881,60.6231171482236,-499.0,72.60249999999999,98.85,125.88499999999999,936.28
load_forecast_mwh,17520.0,53407.068013698634,8626.928912739484,34525.08,46357.8125,53133.5,60236.07,73830.99
load_actual_mwh,17520.0,53283.12970034246,9138.81375386505,32598.39,45774.822499999995,53314.345,59600.8075,78241.2
load_error_mwh,17520.0,-123.93831335616444,2630.8682459480747,-10510.82,-1748.255000000001,-200.15499999999884,1555.3800000000012,11261.410000000003
wind_onshore_forecast_mwh,17520.0,12424.352627853881,9419.336564660003,206.0,5015.755,9936.75,17679.1275,46758.44
wind_offshore_forecast_mwh,17520.0,2988.9575570776256,1985.0286046884903,13.0,1164.4575,2770.48,4813.125,7344.19
wind_forecast_mwh,17520.0,15413.310184931506,10869.35364526107,247.25,6557.125,12933.0,22125.9375,52330.94
wind_onshore_actual_mwh,17520.0,12436.413573630138,9379.566791212905,46.5,4966.9375,10107.73,17870.697500000002,46140.31
wind_offshore_actual_mwh,17520.0,3069.887216894977,2132.9987678877305,0.0,1164.2925,2733.12,4830.535,8448.34
wind_actual_mwh,17520.0,15506.300790525112,10809.650011707457,46.5,6539.355,13114.625,22535.6625,53227.88
wind_error_mwh,17520.0,92.99060559360733,2007.8387064164176,-28086.340000000004,-864.9375,124.25,1158.25,10731.929999999998
solar_forecast_mwh,17520.0,8809.09839954338,13242.617011609624,0.0,0.0,352.105,14314.9175,57895.89
solar_actual_mwh,17520.0,8884.289836757993,13483.681318157296,0.0,11.25,314.53999999999996,14167.905,58055.53
solar_error_mwh,17520.0,75.19143721461185,1319.9887150781615,-10417.22,-27.75,10.31,75.11000000000014,8840.439999999999
residual_load_forecast_mwh,17520.0,29184.659429223742,15058.880654922697,-29003.22,19549.5625,30735.99,39903.125,66803.82
price_lag_24,17496.0,97.15377000457246,60.57905423031377,-499.0,72.575,98.82,125.7625,936.28
price_lag_168,17352.0,96.79825553250346,60.01218078655409,-499.0,72.67500000000001,98.73,125.4325,936.28
wind_actual_lag_24,17496.0,15521.528883744853,10808.70749033628,46.5,6548.12,13142.83,22548.775,53227.88
solar_actual_lag_24,17496.0,8877.75497085048,13475.877337288688,0.0,11.25,314.53999999999996,14164.4375,58055.53
hour,17520.0,11.5,6.922384111875023,0.0,5.75,11.5,17.25,23.0
day_of_week,17520.0,3.004109589041096,1.999025164981239,0.0,1.0,3.0,5.0,6.0
month,17520.0,6.526826484018265,3.447943598862153,1.0,4.0,7.0,10.0,12.0
is_weekend,17520.0,0.2863013698630137,0.4520448639015827,0.0,0.0,0.0,1.0,1.0
_occurrence,17520.0,0.00011415525114155251,0.010684041138958067,0.0,0.0,0.0,0.0,1.0
