feature,importance
price_prev_day_same_hour,26.336428397572114
price_prev_day_std,12.348687686343917
price_prev_day_mean,11.73332145964277
price_prev_week_same_hour,8.042501022943606
load_actual_lag_168,6.923613965904911
wind_actual_lag_48,6.132313754775807
solar_actual_lag_48,5.686276531613929
month,5.327067538031824
wind_actual_lag_168,4.366617758034816
is_weekend,3.278918654211454
load_actual_lag_48,3.2197265151838512
solar_actual_lag_168,3.214935054912395
day_of_week,1.8073694105945493
hour,1.5822222502340875
