feature,train_mean,validation_mean,standardized_mean_shift
price_prev_day_same_hour,93.45713635994478,102.88715021754064,0.1723857764250709
price_prev_week_same_hour,93.12844229675952,101.12336272040302,0.14547126093711107
price_prev_day_mean,93.45757249331155,102.88096633429907,0.25566637869268977
price_prev_day_std,34.298162829081335,54.297080963853396,0.8701037984493019
load_actual_lag_48,54442.75023714774,50522.70303869934,-0.41247225765783974
load_actual_lag_168,54379.90276455779,50787.613400503775,-0.3780321450909397
wind_actual_lag_48,16409.65595955494,12485.050272498282,-0.35224829543643965
wind_actual_lag_168,16399.716784699096,12743.157616212502,-0.3298563648282898
solar_actual_lag_48,6784.620471859012,14393.153533318067,0.6764880813329902
solar_actual_lag_168,6799.160612360918,14152.060970918252,0.6534679814418934
is_weekend,0.2866076504507431,0.2855507213189833,-0.002337330459836544
