datetime,y_true,daily_persistence,weekly_persistence,linear_regression,catboost
2026-08-29 22:00:00+00:00,117.43,130.52,132.67,115.42281674647688,118.21068646396766
2026-08-29 23:00:00+00:00,102.59,112.36,125.82,105.35425030859649,111.90873024756044
2026-08-30 00:00:00+00:00,86.04,100.3,119.37,97.82182237866957,104.31991815234062
2026-08-30 01:00:00+00:00,77.94,93.25,116.21,93.9018278898984,102.45808624883371
2026-08-30 02:00:00+00:00,69.38,93.01,114.74,94.15490151078384,101.96586820362987
2026-08-30 03:00:00+00:00,72.96,96.58,116.73,96.18769885792223,103.57008162007651
2026-08-30 04:00:00+00:00,70.9,97.14,116.71,99.92116408010665,103.04935682279174
2026-08-30 05:00:00+00:00,59.04,101.24,102.09,104.41679959857692,102.23188855031908
2026-08-30 06:00:00+00:00,15.99,60.42,49.83,80.45894454769712,59.081401851746904
2026-08-30 07:00:00+00:00,-0.01,4.57,1.01,45.40568193864654,36.01663767780476
2026-08-30 08:00:00+00:00,-0.1,-0.34,-0.57,35.32377069894325,15.060638594250747
2026-08-30 09:00:00+00:00,-0.15,-1.36,-1.83,30.35111062436259,4.309996390697606
2026-08-30 10:00:00+00:00,-1.02,-1.81,-3.04,26.809984359156473,3.8889693169566755
2026-08-30 11:00:00+00:00,-1.05,-1.76,-5.0,21.175794141240758,1.869075711817942
2026-08-30 12:00:00+00:00,-1.06,-1.18,-4.23,20.982928497334,3.4922629610159532
2026-08-30 13:00:00+00:00,-0.12,-0.02,-1.48,24.528220298387524,14.759084661050053
2026-08-30 14:00:00+00:00,-0.01,24.58,-0.53,41.76839890187761,37.198931571727854
2026-08-30 15:00:00+00:00,62.45,112.99,48.38,96.07645577306235,81.55977904740413
2026-08-30 16:00:00+00:00,163.39,171.5,144.42,142.0239323029179,137.23396568747134
2026-08-30 17:00:00+00:00,184.17,198.97,180.2,164.92762367079945,164.52669736141706
2026-08-30 18:00:00+00:00,193.2,194.78,185.89,163.2731002350365,163.25631045799815
2026-08-30 19:00:00+00:00,192.92,177.52,178.05,149.55529976877716,158.51248344806828
2026-08-30 20:00:00+00:00,181.44,163.49,172.68,138.61586336374327,152.38155259564698
2026-08-30 21:00:00+00:00,168.79,145.62,165.45,126.11794955352343,136.252326105691
2026-08-30 22:00:00+00:00,174.98,117.43,160.93,132.6125792515743,130.11309355010735
2026-08-30 23:00:00+00:00,163.11,102.59,152.62,123.3375685229203,116.52619578738674
2026-08-31 00:00:00+00:00,153.24,86.04,147.88,115.24164720125395,117.87680165508634
2026-08-31 01:00:00+00:00,147.8,77.94,148.74,111.57720714830853,116.92014724114334
2026-08-31 02:00:00+00:00,142.41,69.38,151.3,109.14727490175866,118.21820825304094
2026-08-31 03:00:00+00:00,144.21,72.96,172.67,117.76733911570952,125.81286413272778
2026-08-31 04:00:00+00:00,155.25,70.9,205.67,130.74138110731639,145.1218466240813
2026-08-31 05:00:00+00:00,164.96,59.04,206.4,130.27651058639154,144.11866298827528
2026-08-31 06:00:00+00:00,162.38,15.99,176.78,99.62665137531721,121.80580744315782
2026-08-31 07:00:00+00:00,126.53,-0.01,141.35,71.95314560902031,100.87426228280275
2026-08-31 08:00:00+00:00,38.35,-0.1,112.57,56.07171004982169,67.30823513511265
2026-08-31 09:00:00+00:00,0.02,-0.15,80.26,45.44921726952937,41.844505244999645
2026-08-31 10:00:00+00:00,-0.06,-1.02,55.63,37.748230053320796,38.66652319140983
2026-08-31 11:00:00+00:00,-0.95,-1.05,34.15,35.29821055660912,35.09677053333869
2026-08-31 12:00:00+00:00,-1.03,-1.06,35.66,38.3399796686248,39.25483438438467
2026-08-31 13:00:00+00:00,-0.08,-0.12,72.5,49.56821078901581,45.019159725714665
2026-08-31 14:00:00+00:00,1.0,-0.01,102.09,64.70080760341061,65.03418636729285
2026-08-31 15:00:00+00:00,73.02,62.45,143.46,113.63936219979723,112.85313379609065
2026-08-31 16:00:00+00:00,157.93,163.39,182.34,175.11651054734395,167.57959908637366
2026-08-31 17:00:00+00:00,183.11,184.17,219.37,196.5536373497856,195.4396400902691
2026-08-31 18:00:00+00:00,189.15,193.2,219.53,198.43528407666687,179.602643624655
2026-08-31 19:00:00+00:00,182.29,192.92,188.03,187.72282656027124,170.41062626510234
2026-08-31 20:00:00+00:00,171.55,181.44,171.77,175.05767218261573,165.23466067480484
2026-08-31 21:00:00+00:00,155.28,168.79,154.73,161.96393424213673,146.7883816024716
2026-08-31 22:00:00+00:00,154.59,174.98,152.34,142.90623594887234,163.0588592024917
2026-08-31 23:00:00+00:00,146.61,163.11,146.83,135.09075390762382,159.30855448960335
2026-09-01 00:00:00+00:00,141.37,153.24,142.42,129.63003237926068,151.57889459718243
2026-09-01 01:00:00+00:00,142.3,147.8,140.01,126.9183903189994,147.35224872683784
2026-09-01 02:00:00+00:00,145.9,142.41,141.62,124.912557275295,146.99278135497812
2026-09-01 03:00:00+00:00,156.68,144.21,149.58,131.07372047953302,151.57350660783095
2026-09-01 04:00:00+00:00,188.46,155.25,171.42,148.75449473127452,170.50915152493454
2026-09-01 05:00:00+00:00,205.15,164.96,180.66,158.2942247749356,181.13054731018036
2026-09-01 06:00:00+00:00,192.75,162.38,171.41,148.0479805409336,165.30730786429154
2026-09-01 07:00:00+00:00,149.46,126.53,145.44,117.2208517303394,132.87119510939772
2026-09-01 08:00:00+00:00,119.76,38.35,117.46,67.9691605994359,70.23628928271317
2026-09-01 09:00:00+00:00,90.0,0.02,83.15,42.128810300445515,38.56184220285892
2026-09-01 10:00:00+00:00,50.9,-0.06,67.16,34.20497457154244,31.245365861176836
2026-09-01 11:00:00+00:00,29.12,-0.95,62.21,30.034429517140353,26.214277943432364
2026-09-01 12:00:00+00:00,33.1,-1.03,68.46,30.61578170202735,27.81105400709194
2026-09-01 13:00:00+00:00,51.19,-0.08,85.0,40.24009202572985,36.37954499284334
2026-09-01 14:00:00+00:00,94.07,1.0,114.4,54.17659492593789,67.96099767373661
2026-09-01 15:00:00+00:00,140.01,73.02,147.05,102.34181304532383,123.18348808377277
2026-09-01 16:00:00+00:00,177.26,157.93,178.78,155.2533401722589,180.52913377434606
2026-09-01 17:00:00+00:00,214.23,183.11,209.31,176.92782128931407,198.63930607884535
2026-09-01 18:00:00+00:00,231.6,189.15,205.14,177.21583634305927,198.34063866092023
2026-09-01 19:00:00+00:00,217.91,182.29,182.49,165.28652845706824,186.10233646512998
2026-09-01 20:00:00+00:00,199.47,171.55,172.27,153.24976415900096,170.88807981322458
2026-09-01 21:00:00+00:00,179.34,155.28,159.66,138.83849118455066,157.86788048943217
2026-09-01 22:00:00+00:00,170.72,154.59,164.03,140.4488407068054,172.1163803319963
2026-09-01 23:00:00+00:00,162.17,146.61,157.06,134.04596253429304,155.45790177093505
2026-09-02 00:00:00+00:00,153.03,141.37,151.64,129.69879329982956,145.29138454596819
2026-09-02 01:00:00+00:00,148.61,142.3,149.6,128.4528802366316,147.31039906185154
2026-09-02 02:00:00+00:00,149.23,145.9,151.76,130.09133903152988,148.38571632202894
2026-09-02 03:00:00+00:00,165.57,156.68,160.47,138.4155828505095,158.61267127592492
2026-09-02 04:00:00+00:00,194.49,188.46,185.13,161.10983210031895,188.1659878935808
2026-09-02 05:00:00+00:00,206.14,205.15,195.54,173.64635796060435,188.54863298936635
2026-09-02 06:00:00+00:00,198.01,192.75,193.52,162.5205073047801,175.2659248016454
2026-09-02 07:00:00+00:00,169.1,149.46,166.62,129.57406297767363,154.8602054284842
2026-09-02 08:00:00+00:00,136.13,119.76,137.48,100.58559207055768,108.07667087097532
2026-09-02 09:00:00+00:00,115.05,90.0,120.66,75.9720835683018,79.84175388492254
2026-09-02 10:00:00+00:00,104.33,50.9,98.61,50.54807560225981,52.812501870920805
2026-09-02 11:00:00+00:00,91.67,29.12,89.54,35.74524332668092,46.32846818809738
2026-09-02 12:00:00+00:00,99.11,33.1,91.97,39.05150735086971,45.980711290347415
2026-09-02 13:00:00+00:00,110.4,51.19,102.55,55.11346906118047,59.17941065137224
2026-09-02 14:00:00+00:00,134.44,94.07,122.51,86.74418743023898,94.19317582726845
2026-09-02 15:00:00+00:00,168.44,140.01,156.97,127.23232522307998,153.90695449020865
2026-09-02 16:00:00+00:00,196.94,177.26,185.63,161.38881171344667,195.44259398790217
2026-09-02 17:00:00+00:00,238.85,214.23,211.25,188.23705764583622,209.34440351905505
2026-09-02 18:00:00+00:00,243.2,231.6,201.78,193.93004429196918,204.18740172526873
2026-09-02 19:00:00+00:00,213.87,217.91,178.69,180.1473408851012,183.4001804647769
2026-09-02 20:00:00+00:00,194.94,199.47,163.59,165.3089165553543,176.7921423558071
2026-09-02 21:00:00+00:00,165.21,179.34,151.11,149.13456314715017,170.12971747433596
2026-09-02 22:00:00+00:00,178.64,170.72,148.55,139.09174752167016,157.04611649946258
2026-09-02 23:00:00+00:00,170.37,162.17,142.18,133.20149652953472,149.0707228773234
2026-09-03 00:00:00+00:00,155.52,153.03,135.17,126.69111740587121,137.00257003407603
2026-09-03 01:00:00+00:00,146.0,148.61,134.42,122.94830553253126,135.2602943388303
2026-09-03 02:00:00+00:00,143.14,149.23,136.19,124.01473692040511,136.53008805116713
2026-09-03 03:00:00+00:00,147.18,165.57,146.56,135.09380559541972,150.85931447918813
2026-09-03 04:00:00+00:00,174.44,194.49,167.58,156.64903727366422,175.96131180544864
2026-09-03 05:00:00+00:00,189.2,206.14,174.14,166.0328443915339,179.8982513315704
2026-09-03 06:00:00+00:00,180.05,198.01,160.39,152.52218222455886,162.30351329960789
2026-09-03 07:00:00+00:00,149.58,169.1,124.65,121.05098601178193,120.98114310682982
2026-09-03 08:00:00+00:00,117.66,136.13,104.1,92.90698018298096,95.09270456114781
2026-09-03 09:00:00+00:00,85.65,115.05,57.58,69.69934896627794,71.9994978828935
2026-09-03 10:00:00+00:00,50.27,104.33,21.68,55.11669309210562,58.78254175113154
2026-09-03 11:00:00+00:00,25.0,91.67,6.57,44.958148508066984,55.01923621930032
2026-09-03 12:00:00+00:00,20.89,99.11,14.19,50.3057578035334,57.27819843736498
2026-09-03 13:00:00+00:00,24.37,110.4,45.38,66.31058229728356,74.14489458769914
2026-09-03 14:00:00+00:00,61.39,134.44,96.15,93.19800465701762,96.7363283564865
2026-09-03 15:00:00+00:00,117.25,168.44,141.7,129.56372569018373,140.4700303021803
2026-09-03 16:00:00+00:00,155.15,196.94,173.81,163.8254805649056,175.40917013946844
2026-09-03 17:00:00+00:00,181.08,238.85,199.26,193.98336365777897,192.21832174194805
2026-09-03 18:00:00+00:00,204.4,243.2,191.49,193.75007735576474,190.54426190179697
2026-09-03 19:00:00+00:00,192.55,213.87,175.92,173.6311142183425,184.27519490761728
2026-09-03 20:00:00+00:00,174.89,194.94,164.92,158.66482451344882,179.820170655534
2026-09-03 21:00:00+00:00,162.21,165.21,150.39,139.89917887051422,161.4375558131348
2026-09-03 22:00:00+00:00,135.74,178.64,139.52,139.65999787431778,161.29787992653513
2026-09-03 23:00:00+00:00,124.83,170.37,139.29,133.52794235367512,154.04321480226403
2026-09-04 00:00:00+00:00,117.63,155.52,138.24,126.84801057146947,140.64556942801582
2026-09-04 01:00:00+00:00,117.97,146.0,138.8,121.4515725431259,137.80719532771434
2026-09-04 02:00:00+00:00,115.52,143.14,139.09,119.44727143392183,137.98466798094594
2026-09-04 03:00:00+00:00,123.18,147.18,146.77,125.98712808636536,144.86015050920076
2026-09-04 04:00:00+00:00,152.58,174.44,171.01,146.85507211626265,173.61411852751374
2026-09-04 05:00:00+00:00,166.32,189.2,177.98,156.0526046382753,177.21941842356233
2026-09-04 06:00:00+00:00,158.37,180.05,169.47,146.02823232407138,167.0250607950309
2026-09-04 07:00:00+00:00,104.24,149.58,155.15,118.35146872020545,135.33357232271115
2026-09-04 08:00:00+00:00,57.85,117.66,137.64,87.1954675238974,93.68794890511913
2026-09-04 09:00:00+00:00,10.95,85.65,121.58,64.93452326548598,53.79649062365897
2026-09-04 10:00:00+00:00,0.0,50.27,110.89,44.36502122209234,30.85530275699456
2026-09-04 11:00:00+00:00,-0.06,25.0,96.24,28.797811591167175,33.17836286720357
2026-09-04 12:00:00+00:00,-0.14,20.89,104.0,28.64173788464653,36.104064794754564
2026-09-04 13:00:00+00:00,-0.1,24.37,114.37,38.817163158106446,45.31156826480376
2026-09-04 14:00:00+00:00,-0.02,61.39,119.56,67.2554980894659,66.18168726630094
2026-09-04 15:00:00+00:00,36.91,117.25,143.2,112.61981915344951,126.85051896839549
2026-09-04 16:00:00+00:00,107.86,155.15,160.48,145.9017278338452,166.05389389382754
2026-09-04 17:00:00+00:00,135.1,181.08,172.54,166.37051749473125,199.15975394245325
2026-09-04 18:00:00+00:00,136.21,204.4,176.77,172.69425355763588,193.45788560779047
2026-09-04 19:00:00+00:00,128.41,192.55,166.11,159.64396520908548,183.80847413192174
2026-09-04 20:00:00+00:00,114.19,174.89,161.45,148.0295998271927,170.46614004468358
2026-09-04 21:00:00+00:00,91.35,162.21,145.13,134.21032556796658,156.61550741380273
2026-09-04 22:00:00+00:00,61.64,135.74,130.52,104.60611194660802,118.22308632150494
2026-09-04 23:00:00+00:00,60.24,124.83,112.36,96.77855045196273,107.8456833027026
2026-09-05 00:00:00+00:00,60.07,117.63,100.3,91.29370070885588,105.84312626925006
2026-09-05 01:00:00+00:00,55.51,117.97,93.25,89.40918187041257,100.82852095574363
2026-09-05 02:00:00+00:00,51.3,115.52,93.01,87.68494695568323,100.75408143400809
2026-09-05 03:00:00+00:00,54.04,123.18,96.58,92.49272139767042,103.94138342121737
2026-09-05 04:00:00+00:00,56.82,152.58,97.14,107.31643229699816,111.70331594558097
2026-09-05 05:00:00+00:00,61.26,166.32,101.24,116.17216090900416,118.52599703376426
2026-09-05 06:00:00+00:00,37.39,158.37,60.42,104.66728000069048,92.7421169669257
2026-09-05 07:00:00+00:00,1.01,104.24,4.57,66.70281936144256,51.01163578834031
2026-09-05 08:00:00+00:00,-0.8,57.85,-0.34,36.14217884878968,7.789944185634241
2026-09-05 09:00:00+00:00,-4.94,10.95,-1.36,9.449998775752107,-7.689747646502283
2026-09-05 10:00:00+00:00,-8.96,0.0,-1.81,1.4528630280359778,-18.16975386589887
2026-09-05 11:00:00+00:00,-17.4,-0.06,-1.76,-2.637912321780732,-18.413363421346844
2026-09-05 12:00:00+00:00,-19.0,-0.14,-1.18,-0.1592308346286586,-19.678248441093956
2026-09-05 13:00:00+00:00,-10.0,-0.1,-0.02,6.041808117050422,-13.209553056632487
2026-09-05 14:00:00+00:00,-3.36,-0.02,24.58,20.506271929748166,6.625853471030808
2026-09-05 15:00:00+00:00,-0.03,36.91,112.99,59.55716069391921,57.67028566398825
2026-09-05 16:00:00+00:00,39.13,107.86,171.5,106.14028828269733,118.8956046968091
2026-09-05 17:00:00+00:00,102.74,135.1,198.97,126.14695040777099,135.20355739631884
2026-09-05 18:00:00+00:00,115.99,136.21,194.78,122.61204668365835,131.2061753450426
2026-09-05 19:00:00+00:00,109.9,128.41,177.52,112.77254649008997,121.27378797349002
2026-09-05 20:00:00+00:00,107.85,114.19,163.49,102.07232019547693,120.1015099970376
2026-09-05 21:00:00+00:00,100.96,91.35,145.62,84.87996337249001,107.24113987324868
2026-09-05 22:00:00+00:00,128.23,61.64,117.43,62.11118949661108,65.97935090910772
2026-09-05 23:00:00+00:00,126.34,60.24,102.59,57.74569485495873,59.47820958542434
2026-09-06 00:00:00+00:00,135.44,60.07,86.04,54.64050823891382,51.51009496191936
2026-09-06 01:00:00+00:00,135.48,55.51,77.94,50.368969372139674,48.848172229814146
2026-09-06 02:00:00+00:00,141.53,51.3,69.38,47.75157427464135,45.194693413469516
2026-09-06 03:00:00+00:00,142.53,54.04,72.96,50.742347823793715,51.18802704452183
2026-09-06 04:00:00+00:00,143.24,56.82,70.9,55.627455901907545,54.59910134890709
2026-09-06 05:00:00+00:00,133.1,61.26,59.04,60.2259380553959,57.8597941746591
2026-09-06 06:00:00+00:00,109.58,37.39,15.99,43.10680739006983,42.28155777604956
2026-09-06 07:00:00+00:00,36.81,1.01,-0.01,16.236889489131443,17.46677323893968
2026-09-06 08:00:00+00:00,0.51,-0.8,-0.1,2.654528548050976,-15.616044638502842
2026-09-06 09:00:00+00:00,-0.04,-4.94,-0.15,-7.29509567016018,-23.96524526481221
2026-09-06 10:00:00+00:00,-1.12,-8.96,-1.02,-14.995895387023822,-20.19084992798176
2026-09-06 11:00:00+00:00,-1.63,-17.4,-1.05,-23.90298409187072,-34.63147093647902
2026-09-06 12:00:00+00:00,-0.66,-19.0,-1.06,-23.455914495869195,-34.334286799994885
2026-09-06 13:00:00+00:00,0.0,-10.0,-0.12,-12.907995434861448,-26.171964314127194
2026-09-06 14:00:00+00:00,19.95,-3.36,-0.01,2.070779026820148,-3.935224493617085
2026-09-06 15:00:00+00:00,123.17,-0.03,62.45,26.26795420291488,17.58636605724311
2026-09-06 16:00:00+00:00,194.11,39.13,163.39,68.2521713181842,109.78752061222474
2026-09-06 17:00:00+00:00,221.99,102.74,184.17,105.35216579100896,123.74236169190229
2026-09-06 18:00:00+00:00,227.66,115.99,193.2,109.54655634926449,122.42976027662496
2026-09-06 19:00:00+00:00,206.16,109.9,192.92,101.30940556967371,120.80808555310577
2026-09-06 20:00:00+00:00,189.39,107.85,181.44,94.53064525344551,105.67949917665395
2026-09-06 21:00:00+00:00,169.58,100.96,168.79,84.75042708040323,90.48881074379358
2026-09-06 22:00:00+00:00,155.5,128.23,174.98,131.53301611712334,138.91685828759628
2026-09-06 23:00:00+00:00,150.86,126.34,163.11,127.20333709182022,132.75880821084928
2026-09-07 00:00:00+00:00,148.32,135.44,153.24,129.07108230877367,135.78249891577877
2026-09-07 01:00:00+00:00,148.21,135.48,147.8,129.16574444595634,130.3940203122523
2026-09-07 02:00:00+00:00,151.84,141.53,142.41,132.63621536305521,137.89359612625015
2026-09-07 03:00:00+00:00,172.87,142.53,144.21,138.05030856659835,143.17680262917696
2026-09-07 04:00:00+00:00,207.48,143.24,155.25,151.1452373515796,162.20089415656844
2026-09-07 05:00:00+00:00,220.36,133.1,164.96,156.2667931927491,172.4304361481427
2026-09-07 06:00:00+00:00,212.31,109.58,162.38,140.67715231076534,153.2090500465138
2026-09-07 07:00:00+00:00,180.3,36.81,126.53,91.73904956113823,102.34613943647128
2026-09-07 08:00:00+00:00,145.02,0.51,38.35,57.99526269312342,55.808775502337305
2026-09-07 09:00:00+00:00,120.03,-0.04,0.02,47.579473823016066,49.02530169553481
2026-09-07 10:00:00+00:00,79.63,-1.12,-0.06,40.21611455197373,41.93100158658363
2026-09-07 11:00:00+00:00,41.63,-1.63,-0.95,34.08593393911765,35.52246510929578
2026-09-07 12:00:00+00:00,31.63,-0.66,-1.03,34.18992216364792,40.48649054958239
2026-09-07 13:00:00+00:00,63.15,0.0,-0.08,40.88024063910791,56.29973070856457
2026-09-07 14:00:00+00:00,108.1,19.95,1.0,59.243899659113715,76.0033357475395
2026-09-07 15:00:00+00:00,161.55,123.17,73.02,123.20119063901757,122.43349249366747
2026-09-07 16:00:00+00:00,206.32,194.11,157.93,177.96204398828638,201.32149066279516
2026-09-07 17:00:00+00:00,240.05,221.99,183.11,202.6459590960722,208.36663700021052
2026-09-07 18:00:00+00:00,233.02,227.66,189.15,201.42111541638707,198.52043798329177
2026-09-07 19:00:00+00:00,205.16,206.16,182.29,183.51710959667764,185.6727088900863
2026-09-07 20:00:00+00:00,187.12,189.39,171.55,169.817834823208,180.17766137166603
2026-09-07 21:00:00+00:00,170.7,169.58,155.28,154.37295828715025,161.7994884285859
2026-09-07 22:00:00+00:00,178.68,155.5,154.59,139.9917448524377,159.57256880280136
2026-09-07 23:00:00+00:00,167.44,150.86,146.61,134.95452784730992,153.03490233074916
2026-09-08 00:00:00+00:00,155.72,148.32,141.37,132.91816547032192,148.5935721117214
2026-09-08 01:00:00+00:00,152.43,148.21,142.3,131.83216372892963,147.5919148155748
2026-09-08 02:00:00+00:00,151.98,151.84,145.9,134.36967920149021,149.22784697805272
2026-09-08 03:00:00+00:00,167.38,172.87,156.68,147.88674214621813,160.0620378681994
2026-09-08 04:00:00+00:00,203.04,207.48,188.46,174.91233194662763,188.75015650890188
2026-09-08 05:00:00+00:00,225.43,220.36,205.15,185.6632566468255,188.71956129663644
2026-09-08 06:00:00+00:00,200.74,212.31,192.75,170.04225839216207,186.54274269118196
2026-09-08 07:00:00+00:00,152.73,180.3,149.46,133.1348152659619,149.58320760319583
2026-09-08 08:00:00+00:00,107.24,145.02,119.76,100.40070065526147,124.14929375768504
2026-09-08 09:00:00+00:00,57.24,120.03,90.0,80.27937045542032,102.84399192572104
2026-09-08 10:00:00+00:00,16.8,79.63,50.9,55.0803728782712,70.20132906372672
2026-09-08 11:00:00+00:00,1.98,41.63,29.12,35.352856591239366,56.104055144586425
2026-09-08 12:00:00+00:00,1.65,31.63,33.1,33.06031648144424,53.66933166179488
2026-09-08 13:00:00+00:00,48.63,63.15,51.19,54.94677351264057,59.52582210074937
2026-09-08 14:00:00+00:00,78.63,108.1,94.07,87.83512523041554,102.46807952011012
2026-09-08 15:00:00+00:00,159.12,161.55,140.01,135.79616414014794,148.42509096528738
2026-09-08 16:00:00+00:00,200.58,206.32,177.26,178.59052106125353,202.669434331859
2026-09-08 17:00:00+00:00,240.76,240.05,214.23,207.03632920621456,219.61202464898534
2026-09-08 18:00:00+00:00,257.34,233.02,231.6,203.37455256575788,204.721875096933
2026-09-08 19:00:00+00:00,218.94,205.16,217.91,182.54435756275882,196.06282258515841
2026-09-08 20:00:00+00:00,196.01,187.12,199.47,166.68391018753292,179.53532999033166
2026-09-08 21:00:00+00:00,177.45,170.7,179.34,150.86991365516857,161.62536678347755
2026-09-08 22:00:00+00:00,149.96,178.68,170.72,151.7076370655776,175.05679638024085
2026-09-08 23:00:00+00:00,145.82,167.44,162.17,143.64049438232166,161.80109861484488
2026-09-09 00:00:00+00:00,143.34,155.72,153.03,136.48873624782118,149.41998517246745
2026-09-09 01:00:00+00:00,139.48,152.43,148.61,133.840046085369,143.71956690135963
2026-09-09 02:00:00+00:00,137.86,151.98,149.23,135.02622210239232,145.39883477709301
2026-09-09 03:00:00+00:00,142.37,167.38,165.57,145.48641084532926,165.25225166426196
2026-09-09 04:00:00+00:00,174.01,203.04,194.49,170.58242816190466,198.80003894701247
2026-09-09 05:00:00+00:00,199.77,225.43,206.14,187.01375877046877,200.37558002354632
2026-09-09 06:00:00+00:00,197.98,200.74,198.01,172.00930068108684,187.40680486797888
2026-09-09 07:00:00+00:00,160.51,152.73,169.1,136.35973049304428,155.83337460575598
2026-09-09 08:00:00+00:00,123.39,107.24,136.13,100.43088961241222,102.72932404557281
2026-09-09 09:00:00+00:00,101.07,57.24,115.05,65.75002277889266,51.17817156638604
2026-09-09 10:00:00+00:00,88.04,16.8,104.33,37.22656879571915,34.43095504775917
2026-09-09 11:00:00+00:00,67.08,1.98,91.67,24.43781143730267,27.693526701309338
2026-09-09 12:00:00+00:00,61.57,1.65,99.11,24.983911208050245,26.523301598546368
2026-09-09 13:00:00+00:00,72.94,48.63,110.4,51.69462104440771,46.80189758678089
2026-09-09 14:00:00+00:00,95.6,78.63,134.44,78.6300490257123,83.89087927707277
2026-09-09 15:00:00+00:00,132.06,159.12,168.44,135.72755908039235,155.9720074095129
2026-09-09 16:00:00+00:00,173.69,200.58,196.94,175.00534093416056,194.86719028673537
2026-09-09 17:00:00+00:00,202.04,240.76,238.85,204.21337920797032,207.88075302270005
2026-09-09 18:00:00+00:00,202.36,257.34,243.2,208.7277173254924,197.23614462997477
2026-09-09 19:00:00+00:00,196.51,218.94,213.87,183.68745727731377,201.9711633229855
2026-09-09 20:00:00+00:00,174.98,196.01,194.94,166.61762232159305,185.98548266880687
2026-09-09 21:00:00+00:00,153.25,177.45,165.21,149.10746151408654,176.72092042150882
2026-09-09 22:00:00+00:00,160.18,149.96,178.64,127.95879241110977,150.40469754319446
2026-09-09 23:00:00+00:00,157.35,145.82,170.37,122.95030400097765,145.3884586018574
2026-09-10 00:00:00+00:00,159.48,143.34,155.52,118.11417237772392,143.29437362310512
2026-09-10 01:00:00+00:00,162.38,139.48,146.0,115.5248713814858,137.47992374731854
2026-09-10 02:00:00+00:00,169.65,137.86,143.14,116.39119567028226,140.01555919397154
2026-09-10 03:00:00+00:00,183.92,142.37,147.18,121.89645652725513,143.6409124353005
2026-09-10 04:00:00+00:00,210.84,174.01,174.44,145.98886892925952,172.52290007105432
2026-09-10 05:00:00+00:00,231.93,199.77,189.2,163.16337587666038,180.83563204728074
2026-09-10 06:00:00+00:00,222.05,197.98,180.05,153.84976323294234,169.43244445306948
2026-09-10 07:00:00+00:00,184.98,160.51,149.58,119.88062313095558,138.3693390663538
2026-09-10 08:00:00+00:00,146.37,123.39,117.66,88.62409445148883,95.76877061891192
2026-09-10 09:00:00+00:00,105.57,101.07,85.65,66.16984942200754,67.31727187939396
2026-09-10 10:00:00+00:00,76.64,88.04,50.27,49.96059368535064,57.849434428598705
2026-09-10 11:00:00+00:00,66.14,67.08,25.0,37.13508816241912,49.643931769968276
2026-09-10 12:00:00+00:00,91.76,61.57,20.89,36.56887950720055,44.40219677835465
2026-09-10 13:00:00+00:00,117.67,72.94,24.37,50.8325788291709,56.8269263429039
2026-09-10 14:00:00+00:00,149.55,95.6,61.39,76.11995700588992,78.58489587408776
2026-09-10 15:00:00+00:00,187.9,132.06,117.25,115.00438871520959,122.97489755152976
2026-09-10 16:00:00+00:00,250.0,173.69,155.15,154.45868551434725,178.24033767227962
2026-09-10 17:00:00+00:00,460.86,202.04,181.08,179.04578060216116,196.83381872543612
2026-09-10 18:00:00+00:00,429.33,202.36,204.4,178.34516331219749,199.15705510020837
2026-09-10 19:00:00+00:00,254.72,196.51,192.55,165.90307163223466,192.0321697958846
2026-09-10 20:00:00+00:00,225.09,174.98,174.89,149.3736544002562,176.13163975572235
2026-09-10 21:00:00+00:00,199.4,153.25,162.21,133.7052275763396,163.23716063363645
2026-09-10 22:00:00+00:00,184.33,160.18,135.74,148.17452470874147,148.6782368043647
2026-09-10 23:00:00+00:00,180.72,157.35,124.83,143.0419139336206,144.00410085069765
2026-09-11 00:00:00+00:00,171.4,159.48,117.63,141.3783164533483,138.2676232519556
2026-09-11 01:00:00+00:00,164.63,162.38,117.97,143.08022679818853,141.68652098329633
2026-09-11 02:00:00+00:00,167.19,169.65,115.52,147.20042500428102,142.56575320687807
2026-09-11 03:00:00+00:00,176.04,183.92,123.18,155.86718050025573,153.05347782859764
2026-09-11 04:00:00+00:00,202.76,210.84,152.58,177.58824021896118,194.7346048390891
2026-09-11 05:00:00+00:00,223.12,231.93,166.32,196.32135119988556,208.99805981547001
2026-09-11 06:00:00+00:00,214.2,222.05,158.37,188.47251214325905,195.52668670998463
2026-09-11 07:00:00+00:00,194.49,184.98,104.24,155.6978878213815,150.2572461298342
2026-09-11 08:00:00+00:00,178.21,146.37,57.85,125.9516022150974,109.62028604686971
2026-09-11 09:00:00+00:00,147.37,105.57,10.95,97.9878291816155,79.67642705751807
2026-09-11 10:00:00+00:00,132.14,76.64,0.0,81.28884374060715,66.10907441841739
2026-09-11 11:00:00+00:00,131.51,66.14,-0.06,73.62388679953924,63.49958482099178
2026-09-11 12:00:00+00:00,146.46,91.76,-0.14,84.84211914693198,76.22809121240655
2026-09-11 13:00:00+00:00,158.64,117.67,-0.1,99.6130879230508,95.10301377385187
2026-09-11 14:00:00+00:00,181.65,149.55,-0.02,122.13390650314041,115.62537636497447
2026-09-11 15:00:00+00:00,209.36,187.9,36.91,155.1173390936042,134.11980801447268
2026-09-11 16:00:00+00:00,248.49,250.0,107.86,198.3230483177037,171.71909515997444
2026-09-11 17:00:00+00:00,309.14,460.86,135.1,290.97842502730236,306.2475784279079
2026-09-11 18:00:00+00:00,288.91,429.33,136.21,275.91122569752315,279.6534664865368
2026-09-11 19:00:00+00:00,245.08,254.72,128.41,197.89055813566182,162.49725376098309
2026-09-11 20:00:00+00:00,224.96,225.09,114.19,178.58556466421456,156.38251412590705
2026-09-11 21:00:00+00:00,204.61,199.4,91.35,160.30813334254452,140.11274133303397
2026-09-11 22:00:00+00:00,205.28,184.33,61.64,134.09924878083905,111.84835814398355
2026-09-11 23:00:00+00:00,199.04,180.72,60.24,130.6375301835411,107.08179124497818
2026-09-12 00:00:00+00:00,196.39,171.4,60.07,125.76497646739915,106.86864444266682
2026-09-12 01:00:00+00:00,189.3,164.63,55.51,121.97917484498349,105.23068856665382
2026-09-12 02:00:00+00:00,184.23,167.19,51.3,121.18053863052528,105.37808267595746
2026-09-12 03:00:00+00:00,186.7,176.04,54.04,125.70243148371671,107.50133135405406
2026-09-12 04:00:00+00:00,193.19,202.76,56.82,140.13994434612522,101.99615713608729
2026-09-12 05:00:00+00:00,193.63,223.12,61.26,153.53182803061745,91.66184501257969
2026-09-12 06:00:00+00:00,173.83,214.2,37.39,143.18597248267116,83.50354175243884
2026-09-12 07:00:00+00:00,143.27,194.49,1.01,117.10579564845689,67.26964295426693
2026-09-12 08:00:00+00:00,89.21,178.21,-0.8,96.80614945896983,53.43315081254038
2026-09-12 09:00:00+00:00,32.85,147.37,-4.94,73.92042738365615,38.690211882482465
2026-09-12 10:00:00+00:00,1.0,132.14,-8.96,59.3560253764706,30.466063041963253
2026-09-12 11:00:00+00:00,-0.05,131.51,-17.4,55.88549574327412,30.29050023419235
2026-09-12 12:00:00+00:00,-0.24,146.46,-19.0,64.4421962380799,41.62027468628639
2026-09-12 13:00:00+00:00,0.73,158.64,-10.0,78.40013180025537,54.41519691348564
2026-09-12 14:00:00+00:00,34.44,181.65,-3.36,101.51139493300074,67.04838621918685
2026-09-12 15:00:00+00:00,118.7,209.36,-0.03,132.29981872559796,88.13528633452968
2026-09-12 16:00:00+00:00,177.94,248.49,39.13,168.10218251476215,101.49844473366814
2026-09-12 17:00:00+00:00,203.49,309.14,102.74,207.01969770630058,124.1216179561351
2026-09-12 18:00:00+00:00,210.19,288.91,115.99,197.46208331498605,130.61350580272557
2026-09-12 19:00:00+00:00,202.12,245.08,109.9,172.44297973798996,123.51444780473449
2026-09-12 20:00:00+00:00,190.98,224.96,107.85,159.03016738228519,123.8483822669118
2026-09-12 21:00:00+00:00,184.81,204.61,100.96,144.04403778678204,119.51634090822486
2026-09-12 22:00:00+00:00,177.83,205.28,128.23,142.69405963947958,149.23180785649924
2026-09-12 23:00:00+00:00,167.6,199.04,126.34,137.22622518133767,141.52987599963674
2026-09-13 00:00:00+00:00,163.03,196.39,135.44,135.60165601809834,148.7437533767012
2026-09-13 01:00:00+00:00,161.73,189.3,135.48,131.03781038254337,149.62201055915943
2026-09-13 02:00:00+00:00,164.06,184.23,141.53,129.2776656506822,154.11038980373917
2026-09-13 03:00:00+00:00,168.03,186.7,142.53,131.59706681567124,154.5871647651491
2026-09-13 04:00:00+00:00,175.27,193.19,143.24,137.09779821769064,148.71281170348178
2026-09-13 05:00:00+00:00,178.93,193.63,133.1,140.38482760568732,134.6193575423348
2026-09-13 06:00:00+00:00,167.88,173.83,109.58,125.16489742934169,107.94337432765016
2026-09-13 07:00:00+00:00,144.24,143.27,36.81,91.08157346618728,93.88359712172277
2026-09-13 08:00:00+00:00,120.0,89.21,0.51,47.067851252700905,45.59057056670547
2026-09-13 09:00:00+00:00,105.31,32.85,-0.04,12.841331841605637,13.240380753018755
2026-09-13 10:00:00+00:00,100.82,1.0,-1.12,-4.7019935958782355,1.7732813166885677
2026-09-13 11:00:00+00:00,97.11,-0.05,-1.63,-8.349772173745919,-4.544893961396099
2026-09-13 12:00:00+00:00,97.1,-0.24,-0.66,-6.537358384011426,-4.1630939571429195
2026-09-13 13:00:00+00:00,113.17,0.73,0.0,3.5989259888759477,4.578355624753556
2026-09-13 14:00:00+00:00,150.98,34.44,19.95,33.43246873178882,31.35454658195269
2026-09-13 15:00:00+00:00,189.14,118.7,123.17,99.20916990857556,94.78742193393917
2026-09-13 16:00:00+00:00,210.0,177.94,194.11,149.5531176474068,157.68519980762903
2026-09-13 17:00:00+00:00,230.01,203.49,221.99,171.6366730545115,167.62877133678734
2026-09-13 18:00:00+00:00,233.83,210.19,227.66,173.6480074390718,181.80947957462837
2026-09-13 19:00:00+00:00,232.37,202.12,206.16,162.45484460850912,174.674944678611
2026-09-13 20:00:00+00:00,227.46,190.98,189.39,152.20281417602192,166.02582176469332
2026-09-13 21:00:00+00:00,210.59,184.81,169.58,143.51185747825116,169.9149589065379
2026-09-13 22:00:00+00:00,201.71,177.83,155.5,158.71839789606767,166.51079065620735
2026-09-13 23:00:00+00:00,187.89,167.6,150.86,151.94107201425317,160.43298242823022
2026-09-14 00:00:00+00:00,184.17,163.03,148.32,148.8494311688771,157.17719972724595
2026-09-14 01:00:00+00:00,183.87,161.73,148.21,147.66742707581682,154.66481375279008
2026-09-14 02:00:00+00:00,183.76,164.06,151.84,149.42706624277878,159.03614482690128
2026-09-14 03:00:00+00:00,202.13,168.03,172.87,158.21780894583753,175.6879906851556
2026-09-14 04:00:00+00:00,254.69,175.27,207.48,175.18333768077366,195.33866747100402
2026-09-14 05:00:00+00:00,316.91,178.93,220.36,185.27994084837022,210.770315772517
2026-09-14 06:00:00+00:00,299.6,167.88,212.31,175.03001173348449,194.02487140106842
2026-09-14 07:00:00+00:00,250.88,144.24,180.3,147.494291686356,166.86859189426815
2026-09-14 08:00:00+00:00,211.83,120.0,145.02,117.68326830853276,116.85436624221883
2026-09-14 09:00:00+00:00,196.8,105.31,120.03,97.55244134071687,83.78441165797587
2026-09-14 10:00:00+00:00,180.68,100.82,79.63,84.8532952028662,79.73157991046821
2026-09-14 11:00:00+00:00,166.26,97.11,41.63,79.73018692756249,76.25460531119012
2026-09-14 12:00:00+00:00,161.43,97.1,31.63,82.37472400393955,76.78504955456307
2026-09-14 13:00:00+00:00,164.9,113.17,63.15,99.47254541701774,93.3283791106062
2026-09-14 14:00:00+00:00,180.65,150.98,108.1,130.1869998635607,126.24933956451007
2026-09-14 15:00:00+00:00,233.67,189.14,161.55,169.85085380994013,163.43179323061
2026-09-14 16:00:00+00:00,400.09,210.0,206.32,200.79245209952617,201.58609576964236
2026-09-14 17:00:00+00:00,697.31,230.01,240.05,220.21401452488018,207.6776830128577
2026-09-14 18:00:00+00:00,526.1,233.83,233.02,217.28791887018306,203.35719144871416
2026-09-14 19:00:00+00:00,300.4,232.37,205.16,205.76095603592248,189.66046681823008
2026-09-14 20:00:00+00:00,246.75,227.46,187.12,195.39266807970066,180.5264421593713
2026-09-14 21:00:00+00:00,224.64,210.59,170.7,180.21260200785233,168.09840971904174
2026-09-14 22:00:00+00:00,208.89,201.71,178.68,189.4278822412626,279.44263615484317
2026-09-14 23:00:00+00:00,198.02,187.89,167.44,179.667221866616,262.7663585213626
2026-09-15 00:00:00+00:00,188.35,184.17,155.72,175.76400682379906,252.7607919447215
2026-09-15 01:00:00+00:00,185.66,183.87,152.43,173.85364224448585,249.76978301069693
2026-09-15 02:00:00+00:00,183.55,183.76,151.98,175.06405165934643,249.53177430655776
2026-09-15 03:00:00+00:00,196.76,202.13,167.38,187.98797029583432,273.9183956163685
2026-09-15 04:00:00+00:00,237.42,254.69,203.04,223.08398828652537,290.34630156408855
2026-09-15 05:00:00+00:00,262.08,316.91,225.43,259.0333099045041,357.1806137819761
2026-09-15 06:00:00+00:00,233.11,299.6,200.74,249.9828359595252,338.3833261926011
2026-09-15 07:00:00+00:00,196.4,250.88,152.73,217.56197523407624,238.48879723315372
2026-09-15 08:00:00+00:00,145.96,211.83,107.24,186.20485963186854,190.16920148551264
2026-09-15 09:00:00+00:00,78.87,196.8,57.24,166.9781265003043,146.98427163507407
2026-09-15 10:00:00+00:00,44.47,180.68,16.8,151.3466522409889,135.9616416705368
2026-09-15 11:00:00+00:00,29.5,166.26,1.98,141.53177604258133,128.2629461895663
2026-09-15 12:00:00+00:00,46.2,161.43,1.65,141.21267754394046,128.10713083018214
2026-09-15 13:00:00+00:00,103.69,164.9,48.63,153.48545344321684,135.86185069525646
2026-09-15 14:00:00+00:00,156.02,180.65,78.63,170.0259509085884,165.75623144895638
2026-09-15 15:00:00+00:00,213.47,233.67,159.12,211.86941706492405,258.13138014850574
2026-09-15 16:00:00+00:00,251.51,400.09,200.58,292.0537314178985,480.0318555008136
2026-09-15 17:00:00+00:00,303.37,697.31,240.76,417.7576374629281,480.0743671142353
2026-09-15 18:00:00+00:00,253.9,526.1,257.34,347.8798294539413,417.8208458177961
2026-09-15 19:00:00+00:00,222.32,300.4,218.94,246.15808556727893,315.2484119458127
2026-09-15 20:00:00+00:00,199.46,246.75,196.01,215.36428700064096,245.17843274114614
2026-09-15 21:00:00+00:00,182.71,224.64,177.45,198.6552977301788,237.23903497311665
2026-09-15 22:00:00+00:00,176.55,208.89,149.96,167.79693205568384,177.84277354822947
2026-09-15 23:00:00+00:00,171.22,198.02,145.82,160.2066804390116,172.64440657183212
2026-09-16 00:00:00+00:00,168.7,188.35,143.34,154.18982810808552,169.77670158439298
2026-09-16 01:00:00+00:00,168.64,185.66,139.48,151.13997639288934,159.8746949868878
2026-09-16 02:00:00+00:00,169.67,183.55,137.86,151.07285112079535,154.6529527987297
2026-09-16 03:00:00+00:00,190.12,196.76,142.37,160.79850864931294,164.57573842911705
2026-09-16 04:00:00+00:00,223.77,237.42,174.01,188.03503092320173,185.19034158706768
2026-09-16 05:00:00+00:00,238.07,262.08,199.77,207.59245439673208,195.6522578277835
2026-09-16 06:00:00+00:00,224.99,233.11,197.98,193.04491464387752,179.46169131155898
2026-09-16 07:00:00+00:00,191.6,196.4,160.51,163.3823900653619,171.6071306650278
2026-09-16 08:00:00+00:00,172.91,145.96,123.39,125.95429241940178,116.21360365406173
2026-09-16 09:00:00+00:00,142.2,78.87,101.07,86.53403813557304,62.82381469583823
2026-09-16 10:00:00+00:00,113.52,44.47,88.04,64.01609061842798,44.96556864158262
2026-09-16 11:00:00+00:00,97.51,29.5,67.08,51.45687025683315,39.498261620807604
2026-09-16 12:00:00+00:00,102.44,46.2,61.57,57.560593692294646,43.24138862881141
2026-09-16 13:00:00+00:00,122.04,103.69,72.94,87.65696598242015,80.51419184641667
2026-09-16 14:00:00+00:00,158.53,156.02,95.6,120.56270378739671,111.7935983147607
2026-09-16 15:00:00+00:00,204.89,213.47,132.06,166.50046684853834,149.69638681768157
2026-09-16 16:00:00+00:00,231.08,251.51,173.69,205.5224666223798,190.19297247268864
2026-09-16 17:00:00+00:00,254.43,303.37,202.04,236.82915819526116,232.08108286369415
2026-09-16 18:00:00+00:00,246.91,253.9,202.36,212.94892620311498,186.97775699533565
2026-09-16 19:00:00+00:00,220.27,222.32,196.51,191.62717523008513,186.43360810616085
2026-09-16 20:00:00+00:00,200.79,199.46,174.98,174.85065411822612,181.3984883765186
2026-09-16 21:00:00+00:00,185.2,182.71,153.25,160.0147979423328,170.1490727740632
2026-09-16 22:00:00+00:00,183.52,176.55,160.18,147.46919180881974,159.41381174204952
2026-09-16 23:00:00+00:00,169.08,171.22,157.35,141.5300059587101,156.4267588627309
2026-09-17 00:00:00+00:00,165.49,168.7,159.48,138.28828225580077,152.03497222196683
2026-09-17 01:00:00+00:00,165.56,168.64,162.38,136.8403073790381,152.83159170624228
2026-09-17 02:00:00+00:00,165.64,169.67,169.65,139.06988117226814,154.34686239826544
2026-09-17 03:00:00+00:00,165.01,190.12,183.92,152.12780750848918,163.7763889218072
2026-09-17 04:00:00+00:00,199.1,223.77,210.84,177.25855157417053,174.00807438827115
2026-09-17 05:00:00+00:00,216.44,238.07,231.93,190.75194787855543,160.2533580878112
2026-09-17 06:00:00+00:00,198.45,224.99,222.05,175.5128395561141,144.83085448803996
2026-09-17 07:00:00+00:00,163.39,191.6,184.98,139.39350370012562,135.3610710905653
2026-09-17 08:00:00+00:00,111.34,172.91,146.37,108.8842859382449,99.85730100461609
2026-09-17 09:00:00+00:00,34.76,142.2,105.57,79.76293495537826,72.31124853622958
2026-09-17 10:00:00+00:00,10.67,113.52,76.64,59.881797563548524,54.37506300297289
2026-09-17 11:00:00+00:00,1.91,97.51,66.14,51.131964951657785,45.05434189922568
2026-09-17 12:00:00+00:00,12.23,102.44,91.76,58.08257649307281,37.809809686545876
2026-09-17 13:00:00+00:00,31.2,122.04,117.67,77.79977991000747,58.252541442057336
2026-09-17 14:00:00+00:00,74.36,158.53,149.55,109.9289915082155,104.27544022288663
2026-09-17 15:00:00+00:00,151.48,204.89,187.9,155.29814892089303,146.09901105276603
2026-09-17 16:00:00+00:00,198.49,231.08,250.0,191.77865553397098,151.1517633837822
2026-09-17 17:00:00+00:00,216.97,254.43,460.86,229.0638245453055,168.88751962842025
2026-09-17 18:00:00+00:00,215.72,246.91,429.33,219.07316873781048,159.2504305840191
2026-09-17 19:00:00+00:00,205.73,220.27,254.72,184.91198005024444,157.35453559951213
2026-09-17 20:00:00+00:00,193.38,200.79,225.09,168.26315442297184,164.10255898550986
2026-09-17 21:00:00+00:00,179.37,185.2,199.4,153.63458129028996,167.7007229040271
2026-09-17 22:00:00+00:00,139.24,183.52,184.33,150.1798576563522,181.7415317092944
2026-09-17 23:00:00+00:00,130.44,169.08,180.72,142.00760833458662,165.02299791145128
2026-09-18 00:00:00+00:00,129.51,165.49,171.4,138.3305335910079,163.50521110363854
2026-09-18 01:00:00+00:00,130.18,165.56,164.63,137.82435982847062,161.71391830634252
2026-09-18 02:00:00+00:00,131.11,165.64,167.19,138.27647387850172,161.49281061249104
2026-09-18 03:00:00+00:00,146.64,165.01,176.04,142.06256947258862,165.84865149264044
2026-09-18 04:00:00+00:00,186.01,199.1,202.76,166.66077086801954,184.02591273096874
2026-09-18 05:00:00+00:00,211.36,216.44,223.12,182.25725024750534,189.94511396711303
2026-09-18 06:00:00+00:00,205.0,198.45,214.2,170.6883224352133,178.3035424022624
2026-09-18 07:00:00+00:00,162.61,163.39,194.49,142.04551624666624,164.19775917565119
2026-09-18 08:00:00+00:00,95.97,111.34,178.21,106.41804452252306,122.87365045961502
2026-09-18 09:00:00+00:00,42.4,34.76,147.37,63.3338232322731,72.84668478903654
2026-09-18 10:00:00+00:00,6.26,10.67,132.14,45.757138636110206,52.20540127920093
2026-09-18 11:00:00+00:00,0.14,1.91,131.51,42.26104035661211,53.87124163373714
2026-09-18 12:00:00+00:00,0.0,12.23,146.46,51.86040815214254,69.52747908713027
2026-09-18 13:00:00+00:00,3.03,31.2,158.64,66.86852981206175,88.25495320044863
2026-09-18 14:00:00+00:00,30.76,74.36,181.65,95.53161701045295,116.94087950523975
2026-09-18 15:00:00+00:00,97.91,151.48,209.36,143.4967005040727,165.4058754164379
2026-09-18 16:00:00+00:00,180.1,198.49,248.49,179.06631591417243,198.6609311555934
2026-09-18 17:00:00+00:00,192.72,216.97,309.14,197.86083873940922,198.94981150791006
2026-09-18 18:00:00+00:00,194.99,215.72,288.91,190.926130664043,192.4749057964957
2026-09-18 19:00:00+00:00,178.43,205.73,245.08,175.10840456952158,185.8066490202538
2026-09-18 20:00:00+00:00,163.18,193.38,224.96,162.57584741582266,182.70212473374144
2026-09-18 21:00:00+00:00,134.65,179.37,204.61,148.9959176580206,176.79237128337806
2026-09-18 22:00:00+00:00,103.39,139.24,205.28,118.24848983929652,141.47574649553627
2026-09-18 23:00:00+00:00,79.53,130.44,199.04,111.92554060818438,135.11263926466384
2026-09-19 00:00:00+00:00,59.23,129.51,196.39,108.95987278085205,137.42606199698275
2026-09-19 01:00:00+00:00,31.89,130.18,189.3,106.96460312513982,134.24186039237202
2026-09-19 02:00:00+00:00,35.79,131.11,184.23,106.97707071015941,134.8263408775215
2026-09-19 03:00:00+00:00,35.79,146.64,186.7,114.13324835071609,138.116497637895
2026-09-19 04:00:00+00:00,42.74,186.01,193.19,135.43663272272448,147.64524006941133
2026-09-19 05:00:00+00:00,42.14,211.36,193.63,150.4797847644959,146.87802499830244
2026-09-19 06:00:00+00:00,31.0,205.0,173.83,139.74374851234174,141.32352072291826
2026-09-19 07:00:00+00:00,6.55,162.61,143.27,104.43316804730756,110.1739137226898
2026-09-19 08:00:00+00:00,0.0,95.97,89.21,57.94263647197495,49.67286257724861
2026-09-19 09:00:00+00:00,-0.31,42.4,32.85,23.898254738388346,17.58589110370366
2026-09-19 10:00:00+00:00,-0.75,6.26,1.0,2.256621198019033,3.2156827805909387
2026-09-19 11:00:00+00:00,-1.26,0.14,-0.05,-3.9556400834810006,-2.9907661527634986
2026-09-19 12:00:00+00:00,-1.3,0.0,-0.24,-1.625085020922782,-5.433894085208067
2026-09-19 13:00:00+00:00,-1.68,3.03,0.73,7.349638863832837,2.177262311092065
2026-09-19 14:00:00+00:00,-0.05,30.76,34.44,34.6711419928443,23.320437976143438
2026-09-19 15:00:00+00:00,8.3,97.91,118.7,90.11264021895308,84.04142754731122
2026-09-19 16:00:00+00:00,65.46,180.1,177.94,144.98708164818433,150.2069799084079
2026-09-19 17:00:00+00:00,120.78,192.72,203.49,158.88447470861942,153.06520875997217
2026-09-19 18:00:00+00:00,114.8,194.99,210.19,157.02148635439062,152.9226027519062
2026-09-19 19:00:00+00:00,89.97,178.43,202.12,142.65567005306215,155.47494676958897
2026-09-19 20:00:00+00:00,83.6,163.18,190.98,130.7567267974967,148.18195142069297
2026-09-19 21:00:00+00:00,78.37,134.65,184.81,113.21490364424062,137.9206585862351
2026-09-19 22:00:00+00:00,15.79,103.39,177.83,84.6645495820999,93.08771344437515
2026-09-19 23:00:00+00:00,12.86,79.53,167.6,71.58309581496658,91.62961629438642
2026-09-20 00:00:00+00:00,10.0,59.23,163.03,62.122443677438696,90.48686502167668
2026-09-20 01:00:00+00:00,7.81,31.89,161.73,49.95106722533357,89.9954269093662
2026-09-20 02:00:00+00:00,9.0,35.79,164.06,51.12232119672498,84.86015114012284
2026-09-20 03:00:00+00:00,10.01,35.79,168.03,52.544709030310585,86.66240633999755
2026-09-20 04:00:00+00:00,10.0,42.74,175.27,59.4186987191988,90.96240034898737
2026-09-20 05:00:00+00:00,12.27,42.14,178.93,65.66878299676165,97.75458751685878
2026-09-20 06:00:00+00:00,9.84,31.0,167.88,57.94149066957641,93.55223867989567
2026-09-20 07:00:00+00:00,3.66,6.55,144.24,33.801673063578434,71.55445083788807
2026-09-20 08:00:00+00:00,-0.01,0.0,120.0,15.063555519680946,21.525669474525074
2026-09-20 09:00:00+00:00,-0.11,-0.31,105.31,7.780315255279859,2.7620192845511298
2026-09-20 10:00:00+00:00,-1.16,-0.75,100.82,4.826174128461929,-4.594808894034202
2026-09-20 11:00:00+00:00,-1.98,-1.26,97.11,1.6053717650356703,-7.1888187311868705
2026-09-20 12:00:00+00:00,-1.94,-1.3,97.1,1.9728171917742827,-7.039994505120632
2026-09-20 13:00:00+00:00,-1.24,-1.68,113.17,9.946835480402143,15.548088311873997
2026-09-20 14:00:00+00:00,-0.09,-0.05,150.98,27.12179872792035,64.96463673215241
2026-09-20 15:00:00+00:00,2.68,8.3,189.14,52.92888323408664,84.62695995877918
2026-09-20 16:00:00+00:00,50.41,65.46,210.0,93.04134637314189,120.18968620906308
2026-09-20 17:00:00+00:00,82.31,120.78,230.01,122.38651553615192,138.68705523309723
2026-09-20 18:00:00+00:00,86.65,114.8,233.83,116.56557440931925,131.67624286470686
2026-09-20 19:00:00+00:00,75.65,89.97,232.37,100.12275131609125,120.67369148320765
2026-09-20 20:00:00+00:00,71.32,83.6,227.46,93.46304644842,107.79897523731435
2026-09-20 21:00:00+00:00,58.34,78.37,210.59,83.99607973317666,96.78706002696687
2026-09-20 22:00:00+00:00,46.77,15.79,201.71,72.66557865747806,83.14859711460053
2026-09-20 23:00:00+00:00,42.59,12.86,187.89,67.41780481259457,75.5962529361153
2026-09-21 00:00:00+00:00,39.35,10.0,184.17,64.5455859382532,77.0567962120627
2026-09-21 01:00:00+00:00,39.94,7.81,183.87,62.12714119183581,70.71609530944407
2026-09-21 02:00:00+00:00,41.93,9.0,183.76,63.813191479964686,69.08276284443838
2026-09-21 03:00:00+00:00,58.82,10.01,202.13,71.41170454648487,78.90605713492985
2026-09-21 04:00:00+00:00,123.86,10.0,254.69,88.56635276555711,94.40144125727761
2026-09-21 05:00:00+00:00,178.11,12.27,316.91,103.20614374245176,105.8809181380376
2026-09-21 06:00:00+00:00,178.68,9.84,299.6,95.37610129927879,105.81523000727563
2026-09-21 07:00:00+00:00,83.07,3.66,250.88,74.50690034526957,101.52110861945192
2026-09-21 08:00:00+00:00,33.84,-0.01,211.83,57.00158270164962,82.44316265574264
2026-09-21 09:00:00+00:00,8.91,-0.11,196.8,46.38869398068255,75.88575196253018
2026-09-21 10:00:00+00:00,0.2,-1.16,180.68,36.4768188168457,70.81278155671797
2026-09-21 11:00:00+00:00,0.0,-1.98,166.26,31.43779222160869,68.83305156050783
2026-09-21 12:00:00+00:00,0.01,-1.94,161.43,33.9902574548713,67.44481990698432
2026-09-21 13:00:00+00:00,1.4,-1.24,164.9,41.61992558861881,67.21477746995983
2026-09-21 14:00:00+00:00,28.58,-0.09,180.65,55.74707602230362,77.67741948749214
2026-09-21 15:00:00+00:00,107.19,2.68,233.67,78.71888137304266,105.637439176043
2026-09-21 16:00:00+00:00,212.43,50.41,400.09,129.77666779772667,130.1780621765164
2026-09-21 17:00:00+00:00,242.98,82.31,697.31,177.8991292366387,131.14234535294065
2026-09-21 18:00:00+00:00,241.03,86.65,526.1,159.0185623763836,119.40800165652378
2026-09-21 19:00:00+00:00,217.76,75.65,300.4,124.79945327160492,102.49952151692133
2026-09-21 20:00:00+00:00,205.72,71.32,246.75,111.637922015777,94.68148770802476
2026-09-21 21:00:00+00:00,185.2,58.34,224.64,97.42578690677333,91.79010487742096
2026-09-21 22:00:00+00:00,181.37,46.77,208.89,97.93992965126142,139.4878470842109
2026-09-21 23:00:00+00:00,176.1,42.59,198.02,92.70623734669445,135.4077004098877
2026-09-22 00:00:00+00:00,173.55,39.35,188.35,89.05100432090869,131.98601898552585
2026-09-22 01:00:00+00:00,171.58,39.94,185.66,88.86239927400595,129.646091329662
2026-09-22 02:00:00+00:00,174.88,41.93,183.55,90.57819064709894,126.80100247989526
2026-09-22 03:00:00+00:00,191.5,58.82,196.76,103.63091686345987,138.85501100424372
2026-09-22 04:00:00+00:00,238.63,123.86,237.42,144.2797240297567,157.6994115312583
2026-09-22 05:00:00+00:00,290.45,178.11,262.08,176.71596641692554,191.4881342678537
2026-09-22 06:00:00+00:00,249.02,178.68,233.11,172.1428012638684,184.98054123817087
2026-09-22 07:00:00+00:00,205.85,83.07,196.4,116.31342872682465,140.16655175596344
2026-09-22 08:00:00+00:00,172.27,33.84,145.96,78.60610222249025,96.54548071943917
2026-09-22 09:00:00+00:00,148.55,8.91,78.87,52.488328295904545,48.24947592911407
2026-09-22 10:00:00+00:00,125.76,0.2,44.47,40.84107118420052,33.467233909153876
2026-09-22 11:00:00+00:00,116.02,0.0,29.5,37.48624365468941,31.670211473482368
2026-09-22 12:00:00+00:00,119.14,0.01,46.2,41.691444151887936,33.268258949001705
2026-09-22 13:00:00+00:00,136.61,1.4,103.69,55.836417493652,49.79762303675737
2026-09-22 14:00:00+00:00,176.87,28.58,156.02,81.17866626531499,103.52127385659502
2026-09-22 15:00:00+00:00,226.89,107.19,213.47,133.30077892608728,146.95378852743522
2026-09-22 16:00:00+00:00,374.8,212.43,251.51,191.84184649535388,205.81270889026138
2026-09-22 17:00:00+00:00,596.38,242.98,303.37,213.21940503029822,203.35160544919123
2026-09-22 18:00:00+00:00,433.16,241.03,253.9,204.49588791548956,196.75567824280932
2026-09-22 19:00:00+00:00,289.14,217.76,222.32,184.31201917011902,192.2696870333621
2026-09-22 20:00:00+00:00,246.68,205.72,199.46,170.6999012040759,192.00104271378325
2026-09-22 21:00:00+00:00,213.01,185.2,182.71,153.87081179134776,178.51292951882436
2026-09-22 22:00:00+00:00,188.96,181.37,176.55,174.71846320147677,193.5417749336185
2026-09-22 23:00:00+00:00,177.34,176.1,171.22,168.89998477384893,190.68259280492765
2026-09-23 00:00:00+00:00,176.48,173.55,168.7,165.79813128660635,181.03331236678736
2026-09-23 01:00:00+00:00,176.85,171.58,168.64,163.17016633105766,176.6987638169407
2026-09-23 02:00:00+00:00,175.95,174.88,169.67,165.27481441481126,168.00580674279232
2026-09-23 03:00:00+00:00,198.62,191.5,190.12,176.7580378676586,182.1277405479844
2026-09-23 04:00:00+00:00,300.0,238.63,223.77,207.77191544747222,201.61770739960605
2026-09-23 05:00:00+00:00,346.08,290.45,238.07,238.01400609597763,245.12270213627627
2026-09-23 06:00:00+00:00,232.06,249.02,224.99,218.73236474982127,201.04019632757849
2026-09-23 07:00:00+00:00,182.28,205.85,191.6,186.42977220069804,199.03691794221007
2026-09-23 08:00:00+00:00,141.35,172.27,172.91,156.7523320188978,149.1153890738836
2026-09-23 09:00:00+00:00,97.41,148.55,142.2,131.36928805321605,117.58412847698118
2026-09-23 10:00:00+00:00,73.06,125.76,113.52,111.02861685213085,95.90400532546083
2026-09-23 11:00:00+00:00,57.32,116.02,97.51,102.30389524776545,89.77775746582068
2026-09-23 12:00:00+00:00,75.09,119.14,102.44,106.10768458999769,95.0211537563353
2026-09-23 13:00:00+00:00,110.41,136.61,122.04,123.60522206110792,110.87845810332774
2026-09-23 14:00:00+00:00,156.81,176.87,158.53,156.46755781982543,163.53152820429875
2026-09-23 15:00:00+00:00,199.01,226.89,204.89,200.34134229803163,201.1688401970443
2026-09-23 16:00:00+00:00,243.72,374.8,231.08,275.80506954236614,295.59979684703603
2026-09-23 17:00:00+00:00,271.59,596.38,254.43,371.26824131898934,305.0140312886034
2026-09-23 18:00:00+00:00,236.63,433.16,246.91,302.1460044547507,277.77314815237753
2026-09-23 19:00:00+00:00,195.2,289.14,220.27,234.56876684963837,233.0104536713846
2026-09-23 20:00:00+00:00,170.12,246.68,200.79,209.73480648605607,193.77266392325856
2026-09-23 21:00:00+00:00,154.0,213.01,185.2,187.88528562743517,194.20460206585875
2026-09-23 22:00:00+00:00,130.37,188.96,183.52,157.61293319259477,173.30550579662463
2026-09-23 23:00:00+00:00,118.87,177.34,169.08,147.58307941936653,166.86165129391986
2026-09-24 00:00:00+00:00,114.51,176.48,165.49,146.9350206012262,161.18177379610177
2026-09-24 01:00:00+00:00,107.03,176.85,165.56,146.26943788473838,162.20218910243747
2026-09-24 02:00:00+00:00,107.32,175.95,165.64,146.92928936392514,163.80834932010856
2026-09-24 03:00:00+00:00,121.7,198.62,165.01,159.81291269813042,173.7712432235313
2026-09-24 04:00:00+00:00,147.81,300.0,199.1,211.153665324221,213.79857682068058
2026-09-24 05:00:00+00:00,168.02,346.08,216.44,239.21811714075264,270.24199750187086
2026-09-24 06:00:00+00:00,173.77,232.06,198.45,185.77646186944082,165.9870166759194
2026-09-24 07:00:00+00:00,152.41,182.28,163.39,142.8480591696078,151.87401482214145
2026-09-24 08:00:00+00:00,111.73,141.35,111.34,105.43731891697615,102.16040711909893
2026-09-24 09:00:00+00:00,68.41,97.41,34.76,71.93914478044039,63.415542387057734
2026-09-24 10:00:00+00:00,16.0,73.06,10.67,52.84365645127823,41.62810823959033
2026-09-24 11:00:00+00:00,11.6,57.32,1.91,41.20895282208354,38.27541374760782
2026-09-24 12:00:00+00:00,19.69,75.09,12.23,49.56464522138626,49.44855924269988
2026-09-24 13:00:00+00:00,75.88,110.41,31.2,74.98384408228296,82.12414096418465
2026-09-24 14:00:00+00:00,117.68,156.81,74.36,111.23426493504894,108.27109443883836
2026-09-24 15:00:00+00:00,180.03,199.01,151.48,158.1281790557993,154.56598473187339
2026-09-24 16:00:00+00:00,226.04,243.72,198.49,202.04145347537005,180.8237881323953
2026-09-24 17:00:00+00:00,267.32,271.59,216.97,222.11725915973864,187.51768451746992
2026-09-24 18:00:00+00:00,260.0,236.63,215.72,203.69361947115527,181.28246591649065
2026-09-24 19:00:00+00:00,225.82,195.2,205.73,179.38184720341246,180.8010500595081
2026-09-24 20:00:00+00:00,204.87,170.12,193.38,161.86599511956024,173.42066457195222
2026-09-24 21:00:00+00:00,188.01,154.0,179.37,147.04648794831687,162.02206029630196
2026-09-24 22:00:00+00:00,181.94,130.37,139.24,125.95121978291996,129.67835359740317
2026-09-24 23:00:00+00:00,172.17,118.87,130.44,116.99330819977584,117.83283471473436
2026-09-25 00:00:00+00:00,165.64,114.51,129.51,113.02956344219163,115.69141636231161
2026-09-25 01:00:00+00:00,167.12,107.03,130.18,109.65410526208106,111.79402549396474
2026-09-25 02:00:00+00:00,169.71,107.32,131.11,110.0368830036266,112.87021198669188
2026-09-25 03:00:00+00:00,187.91,121.7,146.64,120.60321014041592,130.189428525351
2026-09-25 04:00:00+00:00,235.27,147.81,186.01,144.4101654634584,159.82379522482805
2026-09-25 05:00:00+00:00,261.4,168.02,211.36,162.16725576088658,185.4736917626533
2026-09-25 06:00:00+00:00,249.74,173.77,205.0,153.36004609686688,170.93733624701366
2026-09-25 07:00:00+00:00,196.24,152.41,162.61,121.03392118916865,145.67136172134394
2026-09-25 08:00:00+00:00,158.54,111.73,95.97,81.48321040995707,86.64523377117976
2026-09-25 09:00:00+00:00,108.41,68.41,42.4,47.27174596655501,43.441527139036744
2026-09-25 10:00:00+00:00,60.19,16.0,6.26,13.814877650786059,26.763976501548868
2026-09-25 11:00:00+00:00,30.11,11.6,0.14,8.44551446183172,28.338604547133414
2026-09-25 12:00:00+00:00,39.89,19.69,0.0,15.385699284166535,27.941111895124806
2026-09-25 13:00:00+00:00,87.04,75.88,3.03,49.83166145601029,51.02624203309144
2026-09-25 14:00:00+00:00,154.52,117.68,30.76,85.70853418973903,91.99844324925198
2026-09-25 15:00:00+00:00,199.0,180.03,97.91,139.3783390369149,138.09074338452143
2026-09-25 16:00:00+00:00,241.43,226.04,180.1,184.22003677714966,198.47621738972265
2026-09-25 17:00:00+00:00,303.43,267.32,192.72,206.3571559799845,201.80379341241115
2026-09-25 18:00:00+00:00,252.17,260.0,194.99,199.098299231787,187.78716551031346
2026-09-25 19:00:00+00:00,224.17,225.82,178.43,177.51461310551974,189.66686129861512
2026-09-25 20:00:00+00:00,206.35,204.87,163.18,161.95712850893074,180.077400364928
2026-09-25 21:00:00+00:00,186.76,188.01,134.65,145.9363292811222,159.5141699562178
2026-09-25 22:00:00+00:00,196.3,181.94,103.39,135.8397361210191,126.68306087520097
2026-09-25 23:00:00+00:00,184.03,172.17,79.53,128.29990177919822,114.50489854868624
2026-09-26 00:00:00+00:00,175.09,165.64,59.23,122.88774309436995,115.19891640211335
2026-09-26 01:00:00+00:00,163.55,167.12,31.89,120.04108226666258,113.40908295860662
2026-09-26 02:00:00+00:00,160.76,169.71,35.79,121.61412509523505,114.24008778892804
2026-09-26 03:00:00+00:00,160.55,187.91,35.79,129.94066818016188,116.62300018397977
2026-09-26 04:00:00+00:00,178.74,235.27,42.74,153.5536663747442,115.39134139576305
2026-09-26 05:00:00+00:00,194.31,261.4,42.14,171.521226226164,106.1511807448823
2026-09-26 06:00:00+00:00,191.92,249.74,31.0,165.3095142806948,102.16980755100768
2026-09-26 07:00:00+00:00,156.44,196.24,6.55,130.6260630881765,86.32156201058027
2026-09-26 08:00:00+00:00,111.99,158.54,0.0,104.26876295913942,72.90423910787285
2026-09-26 09:00:00+00:00,53.1,108.41,-0.31,75.29561560565662,53.41474472778663
2026-09-26 10:00:00+00:00,11.0,60.19,-0.75,47.54331002638863,15.340581342587114
2026-09-26 11:00:00+00:00,3.3,30.11,-1.26,32.29257688096012,9.922346306625698
2026-09-26 12:00:00+00:00,18.45,39.89,-1.3,36.65341150901259,13.600716610697205
2026-09-26 13:00:00+00:00,51.53,87.04,-1.68,61.441976220995734,35.54119130395195
2026-09-26 14:00:00+00:00,127.39,154.52,-0.05,99.33670952751741,81.71594214538253
2026-09-26 15:00:00+00:00,191.88,199.0,8.3,136.2794253751121,103.08501857607074
2026-09-26 16:00:00+00:00,214.37,241.43,65.46,174.52799818849581,121.80077904496915
2026-09-26 17:00:00+00:00,236.79,303.43,120.78,208.14069844771717,164.14733943773913
2026-09-26 18:00:00+00:00,226.36,252.17,114.8,183.99830121752387,139.19592405746334
2026-09-26 19:00:00+00:00,208.49,224.17,89.97,163.89277525499,127.07965224451142
2026-09-26 20:00:00+00:00,199.31,206.35,83.6,151.16026218980878,125.52578318844715
2026-09-26 21:00:00+00:00,186.0,186.76,78.37,137.15130137012864,127.80373884459829
