regime,model,n,mae,rmse,bias
all,catboost,4367,27.881421379697496,40.949831300385036,-5.676603075964507
all,daily_persistence,4367,31.543371880009158,49.83386940383433,-0.1779196244561484
all,weekly_persistence,4367,39.13934623311197,59.993071579833355,-1.941707121593771
all,linear_regression,4367,30.141313278510104,42.6814793611469,-12.706555337714923
negative_price,catboost,403,42.35405070354592,64.89637336333828,31.77696516223799
negative_price,daily_persistence,403,44.73436724565756,80.00062632974422,25.29992555831265
negative_price,weekly_persistence,403,53.651749379652614,85.549413826264,39.229962779156324
negative_price,linear_regression,403,38.44481326780803,62.47596859006114,25.736728622736106
high_price_gt_200,catboost,137,84.61311272665837,112.70301532543368,-80.25525418084949
high_price_gt_200,daily_persistence,137,80.85109489051095,111.68876545323238,-44.01620437956205
high_price_gt_200,weekly_persistence,137,95.02065693430657,134.24687896438724,-64.59846715328467
high_price_gt_200,linear_regression,137,91.75741144064217,118.41881044378486,-84.58975444967984
weekday,catboost,3120,27.542915098894543,41.940691371735426,-5.916673872014214
weekday,daily_persistence,3120,31.230908653846157,49.879637548112655,-7.398725961538462
weekday,weekly_persistence,3120,40.89217948717949,62.575031525750894,-2.223378205128205
weekday,linear_regression,3120,30.44842222008454,44.151335375890916,-14.573614515958875
weekend,catboost,1247,28.728365723005602,38.35872455520703,-5.0759447891360505
weekend,daily_persistence,1247,32.32515637530072,49.719172709970884,17.88857257417803
weekend,weekly_persistence,1247,34.75374899759422,52.984614284356816,-1.23696471531676
weekend,linear_regression,1247,29.37292522902154,38.76046265634376,-8.035164290304232
peak,catboost,1560,31.969544827266407,44.55645674188879,-4.318348187016585
peak,daily_persistence,1560,35.51571794871795,53.39560518264132,-10.362794871794874
peak,weekly_persistence,1560,49.5021858974359,68.55623419677886,-1.4046602564102562
peak,linear_regression,1560,33.38114873794355,45.645348197832426,-12.59469324468656
offpeak,catboost,2807,25.60943257378103,38.800777570741346,-6.431457948340266
offpeak,daily_persistence,2807,29.33572675454222,47.73968226555528,5.482360171001069
offpeak,weekly_persistence,2807,33.38016209476309,54.65712711275454,-2.2401727823298896
offpeak,linear_regression,2807,28.340763468493655,40.941647026349976,-12.768723084463854
