datetime_utc,column,supplied_value,fresh_source_value,difference
2026-09-25T22:00:00+00:00,load_actual_mwh,42921.36,42922.86,1.5
2026-09-25T23:00:00+00:00,load_actual_mwh,41214.29,41215.54,1.25
2026-09-26T00:00:00+00:00,load_actual_mwh,39828.01,39829.26,1.25
2026-09-26T01:00:00+00:00,load_actual_mwh,39542.22,39543.72,1.5
2026-09-26T02:00:00+00:00,load_actual_mwh,39907.4,39909.15,1.75
2026-09-26T03:00:00+00:00,load_actual_mwh,40673.65,40675.15,1.5
2026-09-26T04:00:00+00:00,load_actual_mwh,42398.82,42399.82,1.0
2026-09-26T05:00:00+00:00,load_actual_mwh,44131.26,44132.01,0.75
2026-09-26T06:00:00+00:00,load_actual_mwh,47725.57,47726.57,1.0
2026-09-26T07:00:00+00:00,load_actual_mwh,49478.28,49479.28,1.0
2026-09-26T08:00:00+00:00,load_actual_mwh,50896.1,50897.1,1.0
2026-09-26T09:00:00+00:00,load_actual_mwh,49684.09,49684.84,0.75
2026-09-26T10:00:00+00:00,load_actual_mwh,49340.85,49341.1,0.25
2026-09-26T11:00:00+00:00,load_actual_mwh,48569.46,48569.71,0.25
2026-09-26T12:00:00+00:00,load_actual_mwh,46056.72,46056.47,-0.25
2026-09-26T14:00:00+00:00,load_actual_mwh,47186.59,47186.34,-0.25
2026-09-26T15:00:00+00:00,load_actual_mwh,49605.08,49604.08,-1.0
2026-09-26T16:00:00+00:00,load_actual_mwh,50662.97,50660.72,-2.25
2026-09-26T17:00:00+00:00,load_actual_mwh,50189.3,50187.05,-2.25
2026-09-26T18:00:00+00:00,load_actual_mwh,48159.19,48156.69,-2.5
2026-09-26T19:00:00+00:00,load_actual_mwh,46283.47,46281.47,-2.0
2026-09-26T20:00:00+00:00,load_actual_mwh,44612.59,44610.59,-2.0
2026-09-26T21:00:00+00:00,load_actual_mwh,42308.89,42306.89,-2.0
2026-09-26T05:00:00+00:00,solar_actual_mwh,1524.31,1571.21,46.90000000000009
2026-09-26T06:00:00+00:00,solar_actual_mwh,11460.14,11684.4,224.26000000000022
2026-09-26T07:00:00+00:00,solar_actual_mwh,25346.23,25472.66,126.43000000000029
2026-09-26T08:00:00+00:00,solar_actual_mwh,36074.06,36311.53,237.47000000000116
2026-09-26T09:00:00+00:00,solar_actual_mwh,42689.48,43010.3,320.8199999999997
2026-09-26T10:00:00+00:00,solar_actual_mwh,46358.3,46324.58,-33.720000000001164
2026-09-26T11:00:00+00:00,solar_actual_mwh,45692.54,45701.65,9.110000000000582
2026-09-26T12:00:00+00:00,solar_actual_mwh,42066.19,42060.21,-5.980000000003201
2026-09-26T13:00:00+00:00,solar_actual_mwh,35309.53,35170.28,-139.25
2026-09-26T14:00:00+00:00,solar_actual_mwh,25344.78,25284.8,-59.97999999999956
2026-09-26T15:00:00+00:00,solar_actual_mwh,12895.54,12684.02,-211.52000000000044
2026-09-26T16:00:00+00:00,solar_actual_mwh,2770.95,2715.86,-55.08999999999969
2026-09-26T17:00:00+00:00,solar_actual_mwh,24.56,20.64,-3.919999999999998
